,商品名,ショップ名,レビュー本文,星評価
0,ディッキーズ ワークシャツ 半袖 1574 作業着 メンズ USAモデル Dickies 半袖シャツ 作業服 大きいサイズ,Dickis,作りがしっかりしていて着心地も良いです。夏に一枚羽織るにはぴったりです。色違いをリピートして買いたいと思います。,5
1,ディッキーズ ワークシャツ 半袖 1574 作業着 メンズ USAモデル Dickies 半袖シャツ 作業服 大きいサイズ,Dickis,生地がしっかりしていてシンプルで色々な着こなしができます。 サイズが大きめなので普段着ているサイズからワンサイズ落とした表記の物をオススメします。ラフに着たい方は普段のサイズ通りを買えばちょうどいいです。,4
2,ディッキーズ ワークシャツ 半袖 1574 作業着 メンズ USAモデル Dickies 半袖シャツ 作業服 大きいサイズ,Dickis,着心地も良くとてもよかったです。 １枚あるととても便利なクロシャツ。 時間のない時でもすぐに今日のコーデが決めやすいです。 ありがとうございました。,5
3,ディッキーズ ワークシャツ 半袖 1574 作業着 メンズ USAモデル Dickies 半袖シャツ 作業服 大きいサイズ,Dickis,普段から色違いを着ていますが、生地が丈夫なので特にお気に入りです！ サイズも日本製の1から2サイズ小さいものを選んでいます。,5
4,ディッキーズ ワークシャツ 半袖 1574 作業着 メンズ USAモデル Dickies 半袖シャツ 作業服 大きいサイズ,Dickis,普段から他メーカーのワークシャツを愛用しております。 ディッキーズに限った事では無いですが、この手のメーカーはサイズが大きいです。 ジャストで着たい方はワンサイズ下の物をおすすめします。 生地も作りもしっかりしていて、良い商品だと思います。,4
5,ディッキーズ ワークシャツ 半袖 1574 作業着 メンズ USAモデル Dickies 半袖シャツ 作業服 大きいサイズ,Dickis,ディッキーズいいな。工業油とかの汚れも落ちやすいし、消耗はするけど長持ちするしシワにならないし、刺繍したりワッペン付けたら雰囲気変えて楽しめる。30年以上飽きてない。 日本の作業着メーカーのデザイン、胸ポケット斜めって全然カッコいいとは思わないし、パーツ付けすぎて乾きにくいらしいが、近代はそのダサくて不機能なデザインがほとんど。他の安いのは工場作業員みたいな施設系デザインで論外。,3
6,ディッキーズ ワークシャツ 半袖 1574 作業着 メンズ USAモデル Dickies 半袖シャツ 作業服 大きいサイズ,Dickis,厚みのある生地で丈夫だから気温や作業内容により、薄手のREDKAPと使い分け。身幅がゆったりしているので日本の作業着より動きやすいし涼しい。,3
7,ディッキーズ ワークシャツ 半袖 1574 作業着 メンズ USAモデル Dickies 半袖シャツ 作業服 大きいサイズ,Dickis,ディッキーズ のシャツは仕事で使用しているので定期的に購入しています。 生地が丈夫でサイズも少しゆったりめなので気に入ってます。 欠品色が多く買えない時があるので人気色は多めに在庫して頂けると助かります。,5
8,ディッキーズ ワークシャツ 半袖 1574 作業着 メンズ USAモデル Dickies 半袖シャツ 作業服 大きいサイズ,Dickis,背中にプリントして会社の制服にしました。 「作業服」だからカジュアルですけど、仕事感もあって事務所でもお勧めです。あとロットによって少し仕様の違いがありますが、かなり大きめです。普段M〜Lの女子ならXSサイズです。男子はひとつ小さめのサイズで。因みにパンツインできない程の長さです。,5
9,ディッキーズ ワークシャツ 半袖 1574 作業着 メンズ USAモデル Dickies 半袖シャツ 作業服 大きいサイズ,Dickis,ゆったりと着れそうなので購入しました、正解でした、生地もしっかりしていて縫製も良く丈夫そうです、長く着れそうです。,5
10,ディッキーズ ワークシャツ 半袖 1574 作業着 メンズ USAモデル Dickies 半袖シャツ 作業服 大きいサイズ,Dickis,通常は日本の標準的なMサイズが仕立てたようにピッタリなのですが、このシャツはSでもLくらいの大きさです。これ以上小さいサイズは無いので、日本のMサイズをご希望の場合はボーイズのものから探したほうが良いと思いました。,2
11,ディッキーズ ワークシャツ 半袖 1574 作業着 メンズ USAモデル Dickies 半袖シャツ 作業服 大きいサイズ,Dickis,仕事するのに購入 いい感じ 生地もしっかりして とっても良い,5
12,ディッキーズ ワークシャツ 半袖 1574 作業着 メンズ USAモデル Dickies 半袖シャツ 作業服 大きいサイズ,Dickis,仕事用で使用していますが、胸にポケットが２つ付いているのが気に入っています。ポケットの蓋(名称がわかりません)は糸をほどいてはずしています。,5
13,ディッキーズ ワークシャツ 半袖 1574 作業着 メンズ USAモデル Dickies 半袖シャツ 作業服 大きいサイズ,Dickis,品物もよく素材もよいです。ワンランク下げて頼んだいいと思います・ 生地もしっかりしていて色落ちもしません。,5
14,ディッキーズ ワークシャツ 半袖 1574 作業着 メンズ USAモデル Dickies 半袖シャツ 作業服 大きいサイズ,Dickis,アメリカサイズという事で2サイズくらい表示は小さくしておけばよいかと思い最初は2XLを注文しましたが、ビックリするくらい大きくてすぐ返品させていただきました。この際のお見せの迅速な対応が非常に好感がもてました。 色合いや生地の質感はすごく好みのものでしたのですぐにXLを注文したところサイズ感はバッチリでした。 ダボダボだと作業着感が一際目立ちましたが、サイズが合うとジーンズと合わせれば格好良く着こなせます。 また別の色も欲しくなってきました。 この度は、迅速なご対応ありがとうございました。,5
15,ディッキーズ ワークシャツ 半袖 1574 作業着 メンズ USAモデル Dickies 半袖シャツ 作業服 大きいサイズ,Dickis,注文時にサイズを間違えてしまい、ＬＬの予定がＳが届きました。ただ、開封して試しに着た際に気づいたのですが、意外と着られなくはない感じでした。なので、商品自体は大き目なのかなと思います。私は着ないで弟にあげましたけど（笑）,4
16,ディッキーズ ワークシャツ 半袖 1574 作業着 メンズ USAモデル Dickies 半袖シャツ 作業服 大きいサイズ,Dickis,ガルフブルーのSサイズ購入。１７３ｃｍ６５ｋｇ（ディッキーズチノ系はウエスト29インチぴったりで着用）筋肉質な感じでぴったりフィット。ワーカースタイルもワッペンをつけたりすれば雰囲気満点。個人主観になりますがMサイズも持ってますがまあまあゆとりがあり動きやすいので本気で仕事着なら普段着サイズで。ストリート・チカーノ系はオーバーサイズで。スマートに着こなすならワンサイズダウンでよろしいかと思います。全体的に着丈は長め。こだわるなら丈詰めかな。この手のシャツはサイズで雰囲気が結構かわるので見た目スタイルを重視る場合は慎重に選んだ方が良いと感じます。,5
17,ディッキーズ ワークシャツ 半袖 1574 作業着 メンズ USAモデル Dickies 半袖シャツ 作業服 大きいサイズ,Dickis,普段2L～3Lを着ていますが、 此方はLサイズが調度良い感じでした。 生地もしっかりしており、着心地もいいです。 リピートしたいです。,5
18,ディッキーズ ワークシャツ 半袖 1574 作業着 メンズ USAモデル Dickies 半袖シャツ 作業服 大きいサイズ,Dickis,175ｃｍ 62ｋｇで、アメリカサイズはM、日本サイズはXLでMを着ています。 Mでは少し大き目かなと思うのですが、重ね着をするので丁度良いです。 今回の商品は、首回りがきつくなかったのですが、前に購入した商品は首がきつめでした。 ロットによって微妙に違うこともあります。 こちらはサイズ表記やモデルさんの着用感もあり、選びやすいです。 また、配送される箱はかっこいいのでプレゼントが送られてきたようで嬉しいです。,5
19,ディッキーズ ワークシャツ 半袖 1574 作業着 メンズ USAモデル Dickies 半袖シャツ 作業服 大きいサイズ,Dickis,Ｌサイズをお願いしました。 他の方のコメント通りワンサイズ小さいのを注文しました。 胸囲110の自分でも余裕あってボタン出来ました。 USサイズなんで当たり前ですが丈が短いと更に良いなと個人的に思いました。,5
20,スウェット トレーナー メンズ レディース 裏起毛 アメカジ ロゴ ミリタリー ストリート ブラック ホワイト ネイビー カーキ グレー ゆったりサイズ,CharaBasket,今回こちらのストアのトレーナーを購入しました。色はネイビーで英語の文字がイエローで文字がパッと明るい感じが気に入り購入しました。 サイズもちょうどいいので良かったです。,4
21,スウェット トレーナー メンズ レディース 裏起毛 アメカジ ロゴ ミリタリー ストリート ブラック ホワイト ネイビー カーキ グレー ゆったりサイズ,CharaBasket,私はこのトレーナーのMサイズを購入しました。 サイズもちょうどいい感じで良かったです。 あとプリントのピーナッツ柄も可愛い感じでとても良かったです。,4
22,スウェット トレーナー メンズ レディース 裏起毛 アメカジ ロゴ ミリタリー ストリート ブラック ホワイト ネイビー カーキ グレー ゆったりサイズ,CharaBasket,質感はやや薄め。 普段XLでXLを頼みましたがジャストフィット。ご参考までに。 今回6枚注文したのですが、紺に黄文字のやつが抜きん出てカッコよかったです。,3
23,スウェット トレーナー メンズ レディース 裏起毛 アメカジ ロゴ ミリタリー ストリート ブラック ホワイト ネイビー カーキ グレー ゆったりサイズ,CharaBasket,大きさは普段Ｌを着ていますが標準的なサイズ選択で大丈夫そうです 品物は裏起毛とはいえ生地はかなり薄く 長袖のＴシャツとき間違えるくらいです 防寒用で購入しましたが安いなりで安物買いの何とかになりました,2
24,スウェット トレーナー メンズ レディース 裏起毛 アメカジ ロゴ ミリタリー ストリート ブラック ホワイト ネイビー カーキ グレー ゆったりサイズ,CharaBasket,厚手がいい人には向かないと思います。でも薄くて軽いです。サイズがメンズとレディースであまり変わらないような気がします。,3
25,スウェット トレーナー メンズ レディース 裏起毛 アメカジ ロゴ ミリタリー ストリート ブラック ホワイト ネイビー カーキ グレー ゆったりサイズ,CharaBasket,部屋着は、ゆったり着たいのでいつもメンズのMサイズを購入します。ほしい色は売り切れていたので、グレーと黒を購入しました。気にいっています。梱包も袋包装なので、簡易で良いと思います。,5
26,スウェット トレーナー メンズ レディース 裏起毛 アメカジ ロゴ ミリタリー ストリート ブラック ホワイト ネイビー カーキ グレー ゆったりサイズ,CharaBasket,部屋着用にまとめて購入しました。 生地薄いかな？っておもいましたが、冬場のなかなか洗濯が乾かないなか、早めに乾くし、裏起毛でかなり良いです。,5
27,スウェット トレーナー メンズ レディース 裏起毛 アメカジ ロゴ ミリタリー ストリート ブラック ホワイト ネイビー カーキ グレー ゆったりサイズ,CharaBasket,お値段がお手頃価格なので3着購入しました。 犬に少しガリガリされて毛玉ができたけど、 お値打ちです,3
28,スウェット トレーナー メンズ レディース 裏起毛 アメカジ ロゴ ミリタリー ストリート ブラック ホワイト ネイビー カーキ グレー ゆったりサイズ,CharaBasket,この値段で買えたのが素晴らしい☆絵も可愛くて色も好きな色で着るのが楽しみです♪こちらのストアはあたし好みの服が安くたくさんあるのでまた色々買います！ありがとうございます♪,5
29,スウェット トレーナー メンズ レディース 裏起毛 アメカジ ロゴ ミリタリー ストリート ブラック ホワイト ネイビー カーキ グレー ゆったりサイズ,CharaBasket,とってもかわいいのですが、しばらくすると毛玉ができてしまいました。気に入ってるので着ていますが、外には出れなくて残念です。,3
30,スウェット トレーナー メンズ レディース 裏起毛 アメカジ ロゴ ミリタリー ストリート ブラック ホワイト ネイビー カーキ グレー ゆったりサイズ,CharaBasket,Lサイズで丁度だったのでLLサイズで3着リピしました。柄も可愛くて気に入っています。何回か洗濯したら毛玉が出来そうな感じの生地です。,5
31,スウェット トレーナー メンズ レディース 裏起毛 アメカジ ロゴ ミリタリー ストリート ブラック ホワイト ネイビー カーキ グレー ゆったりサイズ,CharaBasket,Lサイズでちょうどだったので、リピでLLで3着買いました。 やっぱり私的にはLLが良かったです。Lサイズは寝巻きにします(´ω`),5
32,スウェット トレーナー メンズ レディース 裏起毛 アメカジ ロゴ ミリタリー ストリート ブラック ホワイト ネイビー カーキ グレー ゆったりサイズ,CharaBasket,思っていたデザイン届いてみたら、とてもかわいいので普段着につかえそうです。 サイズも少し大きいぐらいが良かったので、私にはちょうどいいです。 ありがとうございました。,4
33,スウェット トレーナー メンズ レディース 裏起毛 アメカジ ロゴ ミリタリー ストリート ブラック ホワイト ネイビー カーキ グレー ゆったりサイズ,CharaBasket,ピンクベージュ、オートミール、グリーンを注文しました。生地は軽めで 薄いです。裏起毛なので 寒くはないです。今くらいの春先の気候にピッタリです。生地が薄めなので 洗濯しても 早く乾いて助かります。 襟元と袖口の生地も薄めで すぐに伸びそうですが 2シーズンくらい着れたら このお値段で お得だと思います。 色合いも 写真の通りでした。 155cmでMサイズにしましたが 丁度良い感じでした。,4
34,スウェット トレーナー メンズ レディース 裏起毛 アメカジ ロゴ ミリタリー ストリート ブラック ホワイト ネイビー カーキ グレー ゆったりサイズ,CharaBasket,自分用に購入しました。 軽くて、とっても温かい。デザインも可愛いです。 なにより、とってもお安い！！ またリピートしたいです。,5
35,スウェット トレーナー メンズ レディース 裏起毛 アメカジ ロゴ ミリタリー ストリート ブラック ホワイト ネイビー カーキ グレー ゆったりサイズ,CharaBasket,157㎝の私!! ゆったり〜！ダブダブ〜！に！着たく！ LLを購入！ お尻がすっぽり隠れて！ 手もすっぽりと隠れます！ ゆったりと着たい方にはLLがいいのかも⁉ 満足です!!,5
36,スウェット トレーナー メンズ レディース 裏起毛 アメカジ ロゴ ミリタリー ストリート ブラック ホワイト ネイビー カーキ グレー ゆったりサイズ,CharaBasket,気軽に着れそうで購入いたしました。 思った通りの良い感じのカジュアルさでありがたいです！ またよろしくお願いいたします♪,5
37,スウェット トレーナー メンズ レディース 裏起毛 アメカジ ロゴ ミリタリー ストリート ブラック ホワイト ネイビー カーキ グレー ゆったりサイズ,CharaBasket,まだ肌寒い為、家で着用するために数店購入しました。大きめがよくLを購入したところ主人も欲しがって追加購入。数回洗濯しましたが目立つ毛玉もできてません。,5
38,スウェット トレーナー メンズ レディース 裏起毛 アメカジ ロゴ ミリタリー ストリート ブラック ホワイト ネイビー カーキ グレー ゆったりサイズ,CharaBasket,商品の到着がはやくて助かりました！ 薄いのですがとても暖かいです。 生地も柔らかくて着心地がとても良いです。 また購入したいです。,5
39,スウェット トレーナー メンズ レディース 裏起毛 アメカジ ロゴ ミリタリー ストリート ブラック ホワイト ネイビー カーキ グレー ゆったりサイズ,CharaBasket,すぐに届きました。そんなに厚めの素材ではないのですが、裏起毛であたたかいです。サイズはピッタリな感じですが、少し小さめかもしれません。最近はオーバーサイズばかりですが、普通のトレーナーが欲しかったので良かったです。違う色も購入しようと思います。,5
40,Dickies ディッキーズ Tシャツ 半袖 メンズ ポケット ポケT ワンポイント ブランド 大きいサイズ アメカジ ストリート USAモデル WS436,Dickies,もっているサイズと同じ物の、色違いを購入しました。ペインターパンツとの相性が良いので、一緒に着ています。何枚あっても良いTシャツです。,5
41,Dickies ディッキーズ Tシャツ 半袖 メンズ ポケット ポケT ワンポイント ブランド 大きいサイズ アメカジ ストリート USAモデル WS437,Dickies,良い色、サイズ気に入ってるのは、早く購入しないと、なくなるのが、早いので、すぐ購入！値段もお手頃！生地も良い！サイズだけは注意して。大きいサイズありがたいです,5
42,Dickies ディッキーズ Tシャツ 半袖 メンズ ポケット ポケT ワンポイント ブランド 大きいサイズ アメカジ ストリート USAモデル WS438,Dickies,前から購入してます、Tシャツこれ以外きません。,5
43,Dickies ディッキーズ Tシャツ 半袖 メンズ ポケット ポケT ワンポイント ブランド 大きいサイズ アメカジ ストリート USAモデル WS439,Dickies,こないだ、見たときは、在庫なかったので、諦めたけど 再入荷したみたいで、欲しい色やサイズあったので即、購入！サイズはフレッシュボックスさんの常連客さんなら、わかってると思いますが、基本大きめなので、体が大きい人は助かります！値段も他に比べて安いと思います！今回はタイミングよく、1800円台で購入できました。複数枚購入しとけば、後悔でしたが。チェックしてると安い時期ありますが、在庫なかったりとタイミング良いと安い価格で買えると思います！,5
44,Dickies ディッキーズ Tシャツ 半袖 メンズ ポケット ポケT ワンポイント ブランド 大きいサイズ アメカジ ストリート USAモデル WS440,Dickies,いつも買っています。首もとが強いのでおすすめ,3
45,Dickies ディッキーズ Tシャツ 半袖 メンズ ポケット ポケT ワンポイント ブランド 大きいサイズ アメカジ ストリート USAモデル WS441,Dickies,大きめのサイズがなかなかないので助かりました。着心地、質感、カラーの豊富さとてもよく、コスパ良いです。,5
46,Dickies ディッキーズ Tシャツ 半袖 メンズ ポケット ポケT ワンポイント ブランド 大きいサイズ アメカジ ストリート USAモデル WS442,Dickies,何回も購入させていただいております。 生地がしっかりしていてサイズもバッチリです,5
47,Dickies ディッキーズ Tシャツ 半袖 メンズ ポケット ポケT ワンポイント ブランド 大きいサイズ アメカジ ストリート USAモデル WS443,Dickies,丈が長いかな後はいい感じボトム太めでいけそぅな感じかな？170の68でMでゆとりある感じ。,4
48,Dickies ディッキーズ Tシャツ 半袖 メンズ ポケット ポケT ワンポイント ブランド 大きいサイズ アメカジ ストリート USAモデル WS444,Dickies,作りがしっかりしていて色もかっこいいです！ でぶの旦那が、Ｍサイズでぴったりでした,5
49,Dickies ディッキーズ Tシャツ 半袖 メンズ ポケット ポケT ワンポイント ブランド 大きいサイズ アメカジ ストリート USAモデル WS445,Dickies,お値段以上の商品に大満足です。早速2枚目を購入しました。生地もしっかりしていて、大きいサイズも豊富でありがたいです。,5
50,Dickies ディッキーズ Tシャツ 半袖 メンズ ポケット ポケT ワンポイント ブランド 大きいサイズ アメカジ ストリート USAモデル WS446,Dickies,安くて丈夫。好みのカラーサイズが合ってよかったです。,5
51,Dickies ディッキーズ Tシャツ 半袖 メンズ ポケット ポケT ワンポイント ブランド 大きいサイズ アメカジ ストリート USAモデル WS447,Dickies,生地もしっかりしていて最高です インナーには不向きなんでしょうが、一枚でさっくり着てます,5
52,Dickies ディッキーズ Tシャツ 半袖 メンズ ポケット ポケT ワンポイント ブランド 大きいサイズ アメカジ ストリート USAモデル WS448,Dickies,けっこう、しっかりしていて、値段のわりにはよかったです。,4
53,Dickies ディッキーズ Tシャツ 半袖 メンズ ポケット ポケT ワンポイント ブランド 大きいサイズ アメカジ ストリート USAモデル WS449,Dickies,仕事中、プライベートですごく活用してます。 取付簡単で使いやすいよ。,5
54,Dickies ディッキーズ Tシャツ 半袖 メンズ ポケット ポケT ワンポイント ブランド 大きいサイズ アメカジ ストリート USAモデル WS450,Dickies,着用感、デザインともに良いと思います。人気なのか、色によってサイズが無いものも多く、そこが少し残念です。,5
55,Dickies ディッキーズ Tシャツ 半袖 メンズ ポケット ポケT ワンポイント ブランド 大きいサイズ アメカジ ストリート USAモデル WS451,Dickies,色は思っていたとおりのものでした。普段XLサイズを着るのでXLを注文したのですが大きいです。米国XLサイズのようです。,4
56,Dickies ディッキーズ Tシャツ 半袖 メンズ ポケット ポケT ワンポイント ブランド 大きいサイズ アメカジ ストリート USAモデル WS452,Dickies,暖色系のワークシャツのインナーとしてやペインターパンツと合わせて着こなしたいですね。,5
57,Dickies ディッキーズ Tシャツ 半袖 メンズ ポケット ポケT ワンポイント ブランド 大きいサイズ アメカジ ストリート USAモデル WS453,Dickies,リピートです、問題なく安心して購入してます。自分のミスでサイズ大きすぎて失敗したりしてます・・・ちゃんとしたUSサイズなのでこれからはワンサイズ落として購入いたします。,4
58,Dickies ディッキーズ Tシャツ 半袖 メンズ ポケット ポケT ワンポイント ブランド 大きいサイズ アメカジ ストリート USAモデル WS454,Dickies,ディッキーズならではの生地のしっかり感 最高です,5
59,Dickies ディッキーズ Tシャツ 半袖 メンズ ポケット ポケT ワンポイント ブランド 大きいサイズ アメカジ ストリート USAモデル WS455,Dickies,お世話になってます！ﾃﾞｨｯｷｰｽﾞはサイズがあるので助かります!!,5
60,ネルシャツ メンズ フランネルシャツ 大きいサイズ 厚手 アメカジ 長袖シャツ チェック柄 インクルーシブ,In'crewsive,ホワイトで購入、色目が気に入って買いました👍ゆったり着るにはワンサイズ大きめをお勧めします。少しキツイのでインナーを薄手の暖かで着ています😅生地はいい感じですよ👌,5
61,ネルシャツ メンズ フランネルシャツ 大きいサイズ 厚手 アメカジ 長袖シャツ チェック柄 インクルーシブ,In'crewsive,生地の肌触りが、良かったのでたすかりました。お値段も安いし、助かります。,4
62,ネルシャツ メンズ フランネルシャツ 大きいサイズ 厚手 アメカジ 長袖シャツ チェック柄 インクルーシブ,In'crewsive,生地自体は厚すぎず薄すぎず質感もそれなりにいいと思います。 ただ、ボタンの縫製が非常に残念…。 ２枚購入した２枚ともが普通に着ていただけですが、ボタンが取れてきてしまいました。１枚は下ろしたその日に下２つのボタンが取れてしまいました。よく見るとユニクロやGUなどのものと比べて少し心細いボタンの付け方…。もう少ししっかりと付けていただけるといいのにと思います。,2
63,ネルシャツ メンズ フランネルシャツ 大きいサイズ 厚手 アメカジ 長袖シャツ チェック柄 インクルーシブ,In'crewsive,カラーが気に入り購入しました。大きいサイズと書いてあります。インナーが厚手の物を着ていたり、ゆったり着るには良いと思います。普段着ているサイズでタイト感を希望の方はお勧めしません。,5
64,ネルシャツ メンズ フランネルシャツ 大きいサイズ 厚手 アメカジ 長袖シャツ チェック柄 インクルーシブ,In'crewsive,敏速な対応でとてもいいと思います。ポイントもたくさん付いて大変良い買い物ができました。ありがとうございました。,4
65,ネルシャツ メンズ フランネルシャツ 大きいサイズ 厚手 アメカジ 長袖シャツ チェック柄 インクルーシブ,In'crewsive,肌ざわり良し、柔軟性良しです。秋口から冬場のインナーによいと思います。冬場（暖房が効いてるところ）の室内では重宝します。,5
66,ネルシャツ メンズ フランネルシャツ 大きいサイズ 厚手 アメカジ 長袖シャツ チェック柄 インクルーシブ,In'crewsive,個人的的な感想ですが、思いのほか生地の厚みがあり縫製も良く、お値段以上のお買い得感を感じますし柄や色のパターンもオーソドックスで良い感じだと思います。,5
67,ネルシャツ メンズ フランネルシャツ 大きいサイズ 厚手 アメカジ 長袖シャツ チェック柄 インクルーシブ,In'crewsive,プレビューを読んでワンサイズ大きめのサイズを注文しましたが、ピッタリでした。タイトに着こなしたい方は普段来ているサイズでもよいかと思います。生地はやや薄い印象ですが、夏場に着るにはちょうど良いと感じます。価格を考えればすごくお買い得だと感じます。これであれば色違いのものを購入したいと思います。満足です。,4
68,ネルシャツ メンズ フランネルシャツ 大きいサイズ 厚手 アメカジ 長袖シャツ チェック柄 インクルーシブ,In'crewsive,デザインはシンプルですが、着心地はよかったです。厚手とありましたがそう凄い厚手でもなく程よくて大きさも丁度良かったです。,5
69,ネルシャツ メンズ フランネルシャツ 大きいサイズ 厚手 アメカジ 長袖シャツ チェック柄 インクルーシブ,In'crewsive,２度目の利用です。生地は少し厚めでしっかりとしたいいシャツでした。サイズは少しゆとりがあるⅬサイズで丁度良かったです。,5
70,ネルシャツ メンズ フランネルシャツ 大きいサイズ 厚手 アメカジ 長袖シャツ チェック柄 インクルーシブ,In'crewsive,肌ざわり良好。気に入っている1枚です。黒系の渋めんカラーが追加されると購入計画しますけど。ご検討ください,4
71,ネルシャツ メンズ フランネルシャツ 大きいサイズ 厚手 アメカジ 長袖シャツ チェック柄 インクルーシブ,In'crewsive,トレーナー、セ―タ―の中に着るために購入しましたが派手すきず色合い、着こごちも良いようです,4
72,ネルシャツ メンズ フランネルシャツ 大きいサイズ 厚手 アメカジ 長袖シャツ チェック柄 インクルーシブ,In'crewsive,綿生地のシャツで着心地は満足しました。 洗濯後の縮みやシワを心配していましたが、気になる変化もなくコストパフォーマンス は満足です❗️,4
73,ネルシャツ メンズ フランネルシャツ 大きいサイズ 厚手 アメカジ 長袖シャツ チェック柄 インクルーシブ,In'crewsive,感じの良いデザインの服を見つけ サイズが合わないとどうしようと 思うもXLなら大丈夫でしょうと、 楽観的に考え購入、届いて直ぐに 着てみましたが思った通りで満足 ありがとうございました。,5
74,ネルシャツ メンズ フランネルシャツ 大きいサイズ 厚手 アメカジ 長袖シャツ チェック柄 インクルーシブ,In'crewsive,赤色を買いました。少しハデかなとも思いましたが、そうでもないような気がします。普段着には、ちょうどいいですね。,5
75,ネルシャツ メンズ フランネルシャツ 大きいサイズ 厚手 アメカジ 長袖シャツ チェック柄 インクルーシブ,In'crewsive,柔らかく、今の季節にぴったりですが、サイズ口コミを見てワンサイズあげて正解でした。ぴったりが苦手な主人ですので。写真通りの色合いでした。,3
76,ネルシャツ メンズ フランネルシャツ 大きいサイズ 厚手 アメカジ 長袖シャツ チェック柄 インクルーシブ,In'crewsive,サイズもデザインも良いと思います 値段も安く丁寧に対応して頂いたと思います リピートあるかも,5
77,ネルシャツ メンズ フランネルシャツ 大きいサイズ 厚手 アメカジ 長袖シャツ チェック柄 インクルーシブ,In'crewsive,サイズもデザインも良いと思います 値段も安く丁寧に対応して頂いたと思います リピートあるかも,5
78,ネルシャツ メンズ フランネルシャツ 大きいサイズ 厚手 アメカジ 長袖シャツ チェック柄 インクルーシブ,In'crewsive,デザインはいたって普通のネルシャツ。色は写真のイメージより鮮やかではないと思います。サイズ感はやや小さめかと。厚手のインナーを着るとやや窮屈に感じます。,3
79,ネルシャツ メンズ フランネルシャツ 大きいサイズ 厚手 アメカジ 長袖シャツ チェック柄 インクルーシブ,In'crewsive,まだ購入していないカラー、残り２色を購入。 とりあえず色違い５着になりました。 あまり購入しないカラーにチャレンジです。,5
80,チャンピオン トレーナー メンズ レディース CHAMPION POWERBREND スウェット 無地 大きいサイズ USAモデル 裏起毛 アメカジ ストリート スポーツ,Champion,色違いのリピート買いでした。 今回はブラックを購入したのですが来ていると少し毛玉ができやすく目立つ気がしたのだ残念でした。,3
81,チャンピオン トレーナー メンズ レディース CHAMPION POWERBREND スウェット 無地 大きいサイズ USAモデル 裏起毛 アメカジ ストリート スポーツ,Champion,サイズが大きいです！！！！ いつもよりワンサイズ下げても大丈夫だと思います！！ サイズミスったってなってもダボッと着るのも可愛いです 彼氏とペアルックで着てます😍💖,5
82,チャンピオン トレーナー メンズ レディース CHAMPION POWERBREND スウェット 無地 大きいサイズ USAモデル 裏起毛 アメカジ ストリート スポーツ,Champion,非常に良い買い物でした。また同じ商品をこちらで見つけて購入したいと思います。友人と家族にも勧めてみようと思います。,5
83,チャンピオン トレーナー メンズ レディース CHAMPION POWERBREND スウェット 無地 大きいサイズ USAモデル 裏起毛 アメカジ ストリート スポーツ,Champion,少し大きめですがラフに着たかったので丁度いいです。,4
84,チャンピオン トレーナー メンズ レディース CHAMPION POWERBREND スウェット 無地 大きいサイズ USAモデル 裏起毛 アメカジ ストリート スポーツ,Champion,大きめの服がほしかったので大変気に入ってます。,5
85,チャンピオン トレーナー メンズ レディース CHAMPION POWERBREND スウェット 無地 大きいサイズ USAモデル 裏起毛 アメカジ ストリート スポーツ,Champion,写真で見たとうりのシンプルで期待通りの品物でした。,4
86,チャンピオン トレーナー メンズ レディース CHAMPION POWERBREND スウェット 無地 大きいサイズ USAモデル 裏起毛 アメカジ ストリート スポーツ,Champion,サイズは少し大きめでしたが、寒い日に重宝しました。シンプルなデザインで、使い勝手も良いので満足です。,4
87,チャンピオン トレーナー メンズ レディース CHAMPION POWERBREND スウェット 無地 大きいサイズ USAモデル 裏起毛 アメカジ ストリート スポーツ,Champion,かなり大きいですよ！ でもカッコ良くて高級感もあり気に入りました！ ただ腕の細い方には不向きかとおもいます。,4
88,チャンピオン トレーナー メンズ レディース CHAMPION POWERBREND スウェット 無地 大きいサイズ USAモデル 裏起毛 アメカジ ストリート スポーツ,Champion,思ってたよりもサイズがゆったりしていましたが 着心地は抜群でした。,5
89,チャンピオン トレーナー メンズ レディース CHAMPION POWERBREND スウェット 無地 大きいサイズ USAモデル 裏起毛 アメカジ ストリート スポーツ,Champion,軽くて薄くて暖かそうです。 ビッグトレーナー として娘が着るそうです。 ですが、少し汚れていたので、星三つてです。,3
90,チャンピオン トレーナー メンズ レディース CHAMPION POWERBREND スウェット 無地 大きいサイズ USAモデル 裏起毛 アメカジ ストリート スポーツ,Champion,サイズが大きめと書いてあったのでワンサイズ小さめを注文したけどまだ大きかったので2サイズ小さめがいいと思います。,3
91,チャンピオン トレーナー メンズ レディース CHAMPION POWERBREND スウェット 無地 大きいサイズ USAモデル 裏起毛 アメカジ ストリート スポーツ,Champion,思ったより生地がしっかりしてました。 もう１枚検討中です(☆∀☆),4
92,チャンピオン トレーナー メンズ レディース CHAMPION POWERBREND スウェット 無地 大きいサイズ USAモデル 裏起毛 アメカジ ストリート スポーツ,Champion,クリスマスプレゼント用に購入しました。思っていた感じの綺麗な色のトレーナーで、相手が喜んでくれることと思います。私も部屋着用に買おうか検討中です。,5
93,チャンピオン トレーナー メンズ レディース CHAMPION POWERBREND スウェット 無地 大きいサイズ USAモデル 裏起毛 アメカジ ストリート スポーツ,Champion,サイズ感もちょうどよかったです‼︎ 裏起毛で暖かいので今から重宝しそう。 リピ買いあり。,5
94,チャンピオン トレーナー メンズ レディース CHAMPION POWERBREND スウェット 無地 大きいサイズ USAモデル 裏起毛 アメカジ ストリート スポーツ,Champion,メンズを買ったので女性の私にとってもはかなり大きかった,4
95,チャンピオン トレーナー メンズ レディース CHAMPION POWERBREND スウェット 無地 大きいサイズ USAモデル 裏起毛 アメカジ ストリート スポーツ,Champion,旦那がすごく喜んでた。 暖かく、生地もしっかり丈夫。,5
96,チャンピオン トレーナー メンズ レディース CHAMPION POWERBREND スウェット 無地 大きいサイズ USAモデル 裏起毛 アメカジ ストリート スポーツ,Champion,暖かい。洗い替えも含めて何枚か持ってても損は無い品だと思う。,5
97,チャンピオン トレーナー メンズ レディース CHAMPION POWERBREND スウェット 無地 大きいサイズ USAモデル 裏起毛 アメカジ ストリート スポーツ,Champion,生地がしっかりしていてデザインも飽きがこないので重宝します！,5
98,チャンピオン トレーナー メンズ レディース CHAMPION POWERBREND スウェット 無地 大きいサイズ USAモデル 裏起毛 アメカジ ストリート スポーツ,Champion,迅速な対応、商品も、良いものでした。,5
99,チャンピオン トレーナー メンズ レディース CHAMPION POWERBREND スウェット 無地 大きいサイズ USAモデル 裏起毛 アメカジ ストリート スポーツ,Champion,娘のクリスマスプレゼントに購入しました。 生地も良い感じで良い買い物が出来ました。 また利用したいと思ってます。,5
100,[ビッグサイズ] ディッキーズ ワークシャツ 長袖 574 作業着 メンズ USAモデル Dickies 長袖シャツ ブランド 定番 作業服 アメカジ カジュアル ストリート,Dickies,サイズも大きくずごくよかったです！ また機会ありましたら買いたいと思ってます！ ありがとうございます！,4
101,[ビッグサイズ] ディッキーズ ワークシャツ 長袖 574 作業着 メンズ USAモデル Dickies 長袖シャツ ブランド 定番 作業服 アメカジ カジュアル ストリート,Dickies,スタッフ様の対応の良さに心より感謝申し上げます。次回も気に入った商品がございましたらリピートさせて頂きます。,5
102,[ビッグサイズ] ディッキーズ ワークシャツ 長袖 574 作業着 メンズ USAモデル Dickies 長袖シャツ ブランド 定番 作業服 アメカジ カジュアル ストリート,Dickies,思っていたよりも大きいサイズとなるのでサイズ感は確認した方が良いかもしれません。発送などの対応は非常に良いショップさんです。,5
103,[ビッグサイズ] ディッキーズ ワークシャツ 長袖 574 作業着 メンズ USAモデル Dickies 長袖シャツ ブランド 定番 作業服 アメカジ カジュアル ストリート,Dickies,サイズ感や着心地もとても良いです。生地も厚めで確りしていて仕事着としてはとても良い品質だと思う。他の色も欲しくなりました。,5
104,[ビッグサイズ] ディッキーズ ワークシャツ 長袖 574 作業着 メンズ USAモデル Dickies 長袖シャツ ブランド 定番 作業服 アメカジ カジュアル ストリート,Dickies,ディッキーズのシャツは好きでよく買います。丈夫で長持ちします。今回は白色の長袖をかいました。来てみるとアメリカサイズとの事で少し大きめですが大丈夫！自分が大きく鳴れば良い事に気づきご飯をいっぱい食べる事にしましたから(笑)お勧めですよディッキーズ！,5
105,[ビッグサイズ] ディッキーズ ワークシャツ 長袖 574 作業着 メンズ USAモデル Dickies 長袖シャツ ブランド 定番 作業服 アメカジ カジュアル ストリート,Dickies,アメリカンサイズなのでいつもよりワンサイズ小さめでもちょうど良いサイズでした。,5
106,[ビッグサイズ] ディッキーズ ワークシャツ 長袖 574 作業着 メンズ USAモデル Dickies 長袖シャツ ブランド 定番 作業服 アメカジ カジュアル ストリート,Dickies,サイズも着心地も、いい感じで気に入ってます,5
107,[ビッグサイズ] ディッキーズ ワークシャツ 長袖 574 作業着 メンズ USAモデル Dickies 長袖シャツ ブランド 定番 作業服 アメカジ カジュアル ストリート,Dickies,Dickesのタプルニーとセットで購入しました。今まで上下同色で着てましたが、freshboxさんの着こなし例見て、あー上下別色も良いなぁ～と思い購入しました。程良く柔らかく着心地最高です。またリピします。,5
108,[ビッグサイズ] ディッキーズ ワークシャツ 長袖 574 作業着 メンズ USAモデル Dickies 長袖シャツ ブランド 定番 作業服 アメカジ カジュアル ストリート,Dickies,Dickiesの上下別色が中々気に入って買い足しです。着心地も良いし何より安い！！またリピします。,5
109,[ビッグサイズ] ディッキーズ ワークシャツ 長袖 574 作業着 メンズ USAモデル Dickies 長袖シャツ ブランド 定番 作業服 アメカジ カジュアル ストリート,Dickies,買いました。仕事で着てみて、良かったら再度購入するかもです。,5
110,[ビッグサイズ] ディッキーズ ワークシャツ 長袖 574 作業着 メンズ USAモデル Dickies 長袖シャツ ブランド 定番 作業服 アメカジ カジュアル ストリート,Dickies,小さめでタイトに。大きめでゆったりと。サイズを変えることで、着かたのバリエーションも帰られる便利シャツ。,5
111,[ビッグサイズ] ディッキーズ ワークシャツ 長袖 574 作業着 メンズ USAモデル Dickies 長袖シャツ ブランド 定番 作業服 アメカジ カジュアル ストリート,Dickies,ディッキーズのワークシャツは、使い勝手もよく長持ちするので愛用させていただいてます。今回も色違いで2着購入しました。,5
112,[ビッグサイズ] ディッキーズ ワークシャツ 長袖 574 作業着 メンズ USAモデル Dickies 長袖シャツ ブランド 定番 作業服 アメカジ カジュアル ストリート,Dickies,とても使いやすいアイテムです。 仕様変更なくこのまま販売してほしいです。,5
113,[ビッグサイズ] ディッキーズ ワークシャツ 長袖 574 作業着 メンズ USAモデル Dickies 長袖シャツ ブランド 定番 作業服 アメカジ カジュアル ストリート,Dickies,リピーターです。値段も安くいつも通り間違いない商品でとてもいいです。,5
114,[ビッグサイズ] ディッキーズ ワークシャツ 長袖 574 作業着 メンズ USAモデル Dickies 長袖シャツ ブランド 定番 作業服 アメカジ カジュアル ストリート,Dickies,普段着ているシャツのサイズは同じディッキーズのワークシャツ（半袖）XLで少しゆったり目で丁度いい感じ、仕事では2XLの大き目を着ております。今回購入した長袖は4XLで、かなり大き目、袖も長くダボダボですが袖をまくり着ております。,5
115,[ビッグサイズ] ディッキーズ ワークシャツ 長袖 574 作業着 メンズ USAモデル Dickies 長袖シャツ ブランド 定番 作業服 アメカジ カジュアル ストリート,Dickies,連絡が遅くなりましてすみませんでした。お陰様で商品が無事に到着いたしました。最高の商品です。このたびはとても迅速でご丁寧な対応をして頂き安心して気持ちの良い取引きをさせて頂きました。又、ご縁がありましたらぜひ宜しくお願い致します。ありがとうございました。,5
116,[ビッグサイズ] ディッキーズ ワークシャツ 長袖 574 作業着 メンズ USAモデル Dickies 長袖シャツ ブランド 定番 作業服 アメカジ カジュアル ストリート,Dickies,選び方が悪かった、大きすぎました。２XLでも良かったと思いました。,3
117,[ビッグサイズ] ディッキーズ ワークシャツ 長袖 574 作業着 メンズ USAモデル Dickies 長袖シャツ ブランド 定番 作業服 アメカジ カジュアル ストリート,Dickies,かなり大きいかった,3
118,ニューエラ Tシャツ 2枚組 パック セット 無地 メンズ レディース 半袖 NEWERA 2-Pack Tee ワンポイント 夏 ブランド おしゃれ ストリート系 カジュアル,newera,サイズ、生地等満足しております。 迅速な対応、発送いただきありがとうございました。また機会があれば再購入しようと思います。,5
119,ニューエラ Tシャツ 2枚組 パック セット 無地 メンズ レディース 半袖 NEWERA 2-Pack Tee ワンポイント 夏 ブランド おしゃれ ストリート系 カジュアル,newera,大変気に入りました 又機会があればよろしくお願いします,5
120,ニューエラ Tシャツ 2枚組 パック セット 無地 メンズ レディース 半袖 NEWERA 2-Pack Tee ワンポイント 夏 ブランド おしゃれ ストリート系 カジュアル,newera,安定のきやすさです。息子たちに一枚ずつあげました。インナーでも一枚でも着れます。ロゴがかわいいです。,5
121,ニューエラ Tシャツ 2枚組 パック セット 無地 メンズ レディース 半袖 NEWERA 2-Pack Tee ワンポイント 夏 ブランド おしゃれ ストリート系 カジュアル,newera,二枚組で安かったので購入。 安い割には生地もしっかりしてるので満足です。,5
122,ニューエラ Tシャツ 2枚組 パック セット 無地 メンズ レディース 半袖 NEWERA 2-Pack Tee ワンポイント 夏 ブランド おしゃれ ストリート系 カジュアル,newera,商品が届きました。とても丁寧な対応を頂き、安心且つとても気持ちの良いお取り引きをさせて頂けました。梱包も非常に丁寧です。ありがとうございました。また、機会がありましたら宜しくお願いします,5
123,ニューエラ Tシャツ 2枚組 パック セット 無地 メンズ レディース 半袖 NEWERA 2-Pack Tee ワンポイント 夏 ブランド おしゃれ ストリート系 カジュアル,newera,下着の代わりに購入しました。 少し生地が硬く感じました。 この時期のインナーの下にきるのには問題ないと思います。,4
124,ニューエラ Tシャツ 2枚組 パック セット 無地 メンズ レディース 半袖 NEWERA 2-Pack Tee ワンポイント 夏 ブランド おしゃれ ストリート系 カジュアル,newera,想定どおりの商品でした。また購入したいと思います。よろしくお願いします。ありがとうございました。。。,3
125,ニューエラ Tシャツ 2枚組 パック セット 無地 メンズ レディース 半袖 NEWERA 2-Pack Tee ワンポイント 夏 ブランド おしゃれ ストリート系 カジュアル,newera,今回三色目の購入です。 値段、サイズ、生地の厚さなど個人的に最高ですので何枚か買いだめしてます。 冬はインナーでSサイズ、夏はMサイズを着ています。 ワンポイントのロゴも腰辺りでいいですね。 Tシャツは、ほとんどこれを着ています。 大変おすすめです。,5
126,ニューエラ Tシャツ 2枚組 パック セット 無地 メンズ レディース 半袖 NEWERA 2-Pack Tee ワンポイント 夏 ブランド おしゃれ ストリート系 カジュアル,newera,生地の厚さもちょうど良く、２枚組なので頻繁に着用しています。 今度は違う色をまた買い足そうかと思います。,5
127,ニューエラ Tシャツ 2枚組 パック セット 無地 メンズ レディース 半袖 NEWERA 2-Pack Tee ワンポイント 夏 ブランド おしゃれ ストリート系 カジュアル,newera,何度目のリピートか忘れましたが、サイズ感と質感がちょうど良くて気に入っています。もう少し安いと嬉しいです。,5
128,ニューエラ Tシャツ 2枚組 パック セット 無地 メンズ レディース 半袖 NEWERA 2-Pack Tee ワンポイント 夏 ブランド おしゃれ ストリート系 カジュアル,newera,シンプルなデザインで着心地も良く重宝しています。今回はブラックを購入したのでつぎはネイビーを購入しようと思います。,5
129,ニューエラ Tシャツ 2枚組 パック セット 無地 メンズ レディース 半袖 NEWERA 2-Pack Tee ワンポイント 夏 ブランド おしゃれ ストリート系 カジュアル,newera,2枚いりですが、１枚袖の糸がほつれてました。 生地もそんなに、厚くなく少し残念に思いました。 ニューエラなので、大丈夫かなと思いましたが、ただ残念です。,5
130,ニューエラ Tシャツ 2枚組 パック セット 無地 メンズ レディース 半袖 NEWERA 2-Pack Tee ワンポイント 夏 ブランド おしゃれ ストリート系 カジュアル,newera,シンプルで肌着のような感じでは無いので重宝しています。デニムでも綿パンでもなんでもいけるので気楽に着れます。,5
131,ニューエラ Tシャツ 2枚組 パック セット 無地 メンズ レディース 半袖 NEWERA 2-Pack Tee ワンポイント 夏 ブランド おしゃれ ストリート系 カジュアル,newera,安くて２枚セットのため購入しました。着心地は期待していませんでしたが予想通りで、ニューエラのプリントロゴが入っているだけです。サイズは丈が少し長めです。,5
132,ニューエラ Tシャツ 2枚組 パック セット 無地 メンズ レディース 半袖 NEWERA 2-Pack Tee ワンポイント 夏 ブランド おしゃれ ストリート系 カジュアル,newera,少し大きめとのレビューだったのでワンランク下を購入したが、肩が窮屈でした。縫製もなんかイマイチな感じします。,3
133,ニューエラ Tシャツ 2枚組 パック セット 無地 メンズ レディース 半袖 NEWERA 2-Pack Tee ワンポイント 夏 ブランド おしゃれ ストリート系 カジュアル,newera,大変気に入りました 又機会があればよろしくお願いします,5
134,ニューエラ Tシャツ 2枚組 パック セット 無地 メンズ レディース 半袖 NEWERA 2-Pack Tee ワンポイント 夏 ブランド おしゃれ ストリート系 カジュアル,newera,購入時から一部糸のほつれがありました。 他のニューエラのTシャツと比べると肌触りも良くなく、非常によれやすそう生地でした。 従来のニューエラのTシャツを無地にしたもの、というイメージで購入する場合はおすすめ出来ません。,1
135,ニューエラ Tシャツ 2枚組 パック セット 無地 メンズ レディース 半袖 NEWERA 2-Pack Tee ワンポイント 夏 ブランド おしゃれ ストリート系 カジュアル,newera,ニューエラのtシャツが欲しくてこの商品にたどり着きました。 肉厚があって品質的にはかなり良いと思います。 とってもカッコいいです。,5
136,ニューエラ Tシャツ 2枚組 パック セット 無地 メンズ レディース 半袖 NEWERA 2-Pack Tee ワンポイント 夏 ブランド おしゃれ ストリート系 カジュアル,newera,お気に入りのブランドなのと、ショップ様からもお礼のお手紙が入っていたので同じ商品でも心使いがあるショップだと思います。次回購入の際もこちらのショップで購入したいと思います。,5
137,ニューエラ Tシャツ 2枚組 パック セット 無地 メンズ レディース 半袖 NEWERA 2-Pack Tee ワンポイント 夏 ブランド おしゃれ ストリート系 カジュアル,newera,材質、色合、着心地、どれもイメージとおりで大変良かったです。 リピートしたいと思っています。 カラーバリエーションがあると、なお良いのになぁって思います。,5
138,ロンT メンズ Tシャツ GERRY ジェリー ロゴT ロゴプリント 長袖Tシャツ ビッグシルエット バックプリント ワンポイント アウトドア ストリート アメカジ 古着MIX,GERRY,使用頻度にもよりますが、1シーズンだけの使用であれば問題ありません。丁寧に使い、洗濯も気にすれば、間違いなく２，３シーズンは使えます。,4
139,ロンT メンズ Tシャツ GERRY ジェリー ロゴT ロゴプリント 長袖Tシャツ ビッグシルエット バックプリント ワンポイント アウトドア ストリート アメカジ 古着MIX,GERRY,セール+20%OFFで半額以下でした。 柄違いで白と黒を数枚購入しました。 黒は透けませんが、白は若干透けるので、人によっては気になるかもしれません。 低価だったら購入を考えるかもしれませんが、今回は半額以下でしたし、良い買い物ができたと思います。,5
140,ロンT メンズ Tシャツ GERRY ジェリー ロゴT ロゴプリント 長袖Tシャツ ビッグシルエット バックプリント ワンポイント アウトドア ストリート アメカジ 古着MIX,GERRY,今回紫色を購入しましたがよかったです。着心地もよくまた別のデザインを購入したいです。,5
141,ロンT メンズ Tシャツ GERRY ジェリー ロゴT ロゴプリント 長袖Tシャツ ビッグシルエット バックプリント ワンポイント アウトドア ストリート アメカジ 古着MIX,GERRY,プリントマークと黒に一目ぼれしました。 バイクを乗るので、これを着てワイルドに風を感じています。 欲を言うと、もう少し厚めの生地を望んでいます。,5
142,ロンT メンズ Tシャツ GERRY ジェリー ロゴT ロゴプリント 長袖Tシャツ ビッグシルエット バックプリント ワンポイント アウトドア ストリート アメカジ 古着MIX,GERRY,デザインがかっこよかったので購入。ジーパンにTシャツでもかっこよく着こなせますね！,5
143,ロンT メンズ Tシャツ GERRY ジェリー ロゴT ロゴプリント 長袖Tシャツ ビッグシルエット バックプリント ワンポイント アウトドア ストリート アメカジ 古着MIX,GERRY,デザインに惚れました。サイズもバッチリで購入して良かったです！,5
144,ロンT メンズ Tシャツ GERRY ジェリー ロゴT ロゴプリント 長袖Tシャツ ビッグシルエット バックプリント ワンポイント アウトドア ストリート アメカジ 古着MIX,GERRY,この値段でもっといいもの買えると思ったが、ちょっと期待外れ。,3
145,ロンT メンズ Tシャツ GERRY ジェリー ロゴT ロゴプリント 長袖Tシャツ ビッグシルエット バックプリント ワンポイント アウトドア ストリート アメカジ 古着MIX,GERRY,迅速な対応ありがとうございました！ 少し生地が薄いかな…？,5
146,ロンT メンズ Tシャツ GERRY ジェリー ロゴT ロゴプリント 長袖Tシャツ ビッグシルエット バックプリント ワンポイント アウトドア ストリート アメカジ 古着MIX,GERRY,大変、気にいってます。バックプリントがいいですね。,5
147,ロンT メンズ Tシャツ GERRY ジェリー ロゴT ロゴプリント 長袖Tシャツ ビッグシルエット バックプリント ワンポイント アウトドア ストリート アメカジ 古着MIX,GERRY,いい素材のシャツを購入できました。また購入します。,5
148,ロンT メンズ Tシャツ GERRY ジェリー ロゴT ロゴプリント 長袖Tシャツ ビッグシルエット バックプリント ワンポイント アウトドア ストリート アメカジ 古着MIX,GERRY,サイズもデザインも大変満足いく商品でした。,5
149,ロンT メンズ Tシャツ GERRY ジェリー ロゴT ロゴプリント 長袖Tシャツ ビッグシルエット バックプリント ワンポイント アウトドア ストリート アメカジ 古着MIX,GERRY,クールなデザインのTシャツです。,5
150,ロンT メンズ Tシャツ GERRY ジェリー ロゴT ロゴプリント 長袖Tシャツ ビッグシルエット バックプリント ワンポイント アウトドア ストリート アメカジ 古着MIX,GERRY,生地が丈夫そうで良かったです,5
151,ロンT メンズ Tシャツ GERRY ジェリー ロゴT ロゴプリント 長袖Tシャツ ビッグシルエット バックプリント ワンポイント アウトドア ストリート アメカジ 古着MIX,GERRY,サイズ等完璧です！！！,5
152,ロンT メンズ Tシャツ GERRY ジェリー ロゴT ロゴプリント 長袖Tシャツ ビッグシルエット バックプリント ワンポイント アウトドア ストリート アメカジ 古着MIX,GERRY,とても気に入りました。,5
153,Tシャツ メンズ ブランド 大きいサイズ とかげ バックプリント 半袖 かっこいい おしゃれ ストリート アメカジ カジュアル 黒 白 ダンス ロゴ,Maqua-store,黒地に蛍光色のピンクが、とても映えてはカッコ良いです。生地も、しっかりしていて、着心地もとても良いです。,5
154,Tシャツ メンズ ブランド 大きいサイズ とかげ バックプリント 半袖 かっこいい おしゃれ ストリート アメカジ カジュアル 黒 白 ダンス ロゴ,Maqua-store,サイズ的にはXLとXXLの二種類買いましたが、どちらも首回りが狭い、若干苦しく感じる時がありました。 首回りはそんな太ってはいない方ですが、他で売ってる3Lとかと比較すると首にぴったり、大体拳一つが喉周りから入る位でゆったりっていう感じではないです。 値段が安かったので試しに買ってみましたが、個人的にはもう少し首回りがゆったりしてれば星5でした。 他ウエスト、丈は全然問題なかったので良かったと思います。,5
155,Tシャツ メンズ ブランド 大きいサイズ とかげ バックプリント 半袖 かっこいい おしゃれ ストリート アメカジ カジュアル 黒 白 ダンス ロゴ,Maqua-store,デザインが気に入ったので、購入させて頂きました。 安価だったので期待してなかったんですよ。 生地的な事に関しては、ですが商品が届き開封して見て、ビックリです。思いの外良かったんですよね。 体型的にも、私には凄く合ってました。,5
156,Tシャツ メンズ ブランド 大きいサイズ とかげ バックプリント 半袖 かっこいい おしゃれ ストリート アメカジ カジュアル 黒 白 ダンス ロゴ,Maqua-store,裁縫やデザインはよかったです。生地もいいとおもいます。ただプリントがすぐにはがれそうな感じがしました。その為－1で☆4です。他のデザインも気になるのでこのシリーズ？！を買おうと思います。,4
157,Tシャツ メンズ ブランド 大きいサイズ とかげ バックプリント 半袖 かっこいい おしゃれ ストリート アメカジ カジュアル 黒 白 ダンス ロゴ,Maqua-store,商品も思ったより早くつきました。早速着てバイクに乗りましたが天候も悪く少し寒い感じでしたが 着た感じは非常に良かったです。周りに同じものを着ている人がいないのがいいですね。,4
158,Tシャツ メンズ ブランド 大きいサイズ とかげ バックプリント 半袖 かっこいい おしゃれ ストリート アメカジ カジュアル 黒 白 ダンス ロゴ,Maqua-store,違うデザインのTシャツを購入して、生地の厚み、裁縫、デザインがとても良かったので、リピ‼︎ 蛍光グリーンが写真通りの色味で良かったです！ もっと他のデザインの物も買いたいです,5
159,Tシャツ メンズ ブランド 大きいサイズ とかげ バックプリント 半袖 かっこいい おしゃれ ストリート アメカジ カジュアル 黒 白 ダンス ロゴ,Maqua-store,デザインはカッコイイです。 白は肌色が見えるくらい透けます。 インナーが必要です。 サイズ感は少し小さめかと思います。普段XLですが、XXLを頼んで良かったです。,3
160,Tシャツ メンズ ブランド 大きいサイズ とかげ バックプリント 半袖 かっこいい おしゃれ ストリート アメカジ カジュアル 黒 白 ダンス ロゴ,Maqua-store,注文した時は、きっと生地は薄いんだろうなと思っていましたが届いて見てみたら生地がしっかりしていてビックリしました。 デザインも良くかなり気に入ってます,5
161,Tシャツ メンズ ブランド 大きいサイズ とかげ バックプリント 半袖 かっこいい おしゃれ ストリート アメカジ カジュアル 黒 白 ダンス ロゴ,Maqua-store,以前 息子に同じ物を購入したが 成長してサイズが小さくなってしまったので また購入しました。何回洗っても よれないし 良い品です。,5
162,Tシャツ メンズ ブランド 大きいサイズ とかげ バックプリント 半袖 かっこいい おしゃれ ストリート アメカジ カジュアル 黒 白 ダンス ロゴ,Maqua-store,先ず胸と背中のデザインが凄く良かったです。サイズ感も良かったです。首回りがしっかりしていて良かったです。,5
163,Tシャツ メンズ ブランド 大きいサイズ とかげ バックプリント 半袖 かっこいい おしゃれ ストリート アメカジ カジュアル 黒 白 ダンス ロゴ,Maqua-store,生地は着心地が良く、柄もシンプルなので派手さは感じません。 妻とお揃いで購入し、満足しています。,5
164,Tシャツ メンズ ブランド 大きいサイズ とかげ バックプリント 半袖 かっこいい おしゃれ ストリート アメカジ カジュアル 黒 白 ダンス ロゴ,Maqua-store,届いて見てみました。 生地、デザイン（グリーン）もきにいりましたし、サイズ感もよかったです。,5
165,Tシャツ メンズ ブランド 大きいサイズ とかげ バックプリント 半袖 かっこいい おしゃれ ストリート アメカジ カジュアル 黒 白 ダンス ロゴ,Maqua-store,生地等は悪い所が無く、デザインは思った通りで良かったです。サイズも丁度良かったです。,5
166,Tシャツ メンズ ブランド 大きいサイズ とかげ バックプリント 半袖 かっこいい おしゃれ ストリート アメカジ カジュアル 黒 白 ダンス ロゴ,Maqua-store,デザイン、着心地共に満足してます。 買って良かったです。 また購入したいと思います。,5
167,Tシャツ メンズ ブランド 大きいサイズ とかげ バックプリント 半袖 かっこいい おしゃれ ストリート アメカジ カジュアル 黒 白 ダンス ロゴ,Maqua-store,首回りが、少し気になるくらいで、サイズは、ぴったりで、とてもよかったです！,5
168,Tシャツ メンズ ブランド 大きいサイズ とかげ バックプリント 半袖 かっこいい おしゃれ ストリート アメカジ カジュアル 黒 白 ダンス ロゴ,Maqua-store,素早い対応に凄く満足です。 又、機会があれば是非よろしくお願します。,5
169,Tシャツ メンズ ブランド 大きいサイズ とかげ バックプリント 半袖 かっこいい おしゃれ ストリート アメカジ カジュアル 黒 白 ダンス ロゴ,Maqua-store,ちょうどよいサイズで、生地感も好きな感じでよかったです。,5
170,Tシャツ メンズ ブランド 大きいサイズ とかげ バックプリント 半袖 かっこいい おしゃれ ストリート アメカジ カジュアル 黒 白 ダンス ロゴ,Maqua-store,色やデザイン・生地・サイズ感、すべてに満足しています。,5
171,Tシャツ メンズ ブランド 大きいサイズ とかげ バックプリント 半袖 かっこいい おしゃれ ストリート アメカジ カジュアル 黒 白 ダンス ロゴ,Maqua-store,ありがとうございました。気にいって着用してます。,5
172,Tシャツ メンズ ブランド 大きいサイズ とかげ バックプリント 半袖 かっこいい おしゃれ ストリート アメカジ カジュアル 黒 白 ダンス ロゴ,Maqua-store,柄も案外シンプルで、嫁も気に入ってくれました。,5
173,tシャツ メンズ 無地 United Athle ユナイテッドアスレ 5.6オンス ビッグシルエットT ポケット付 5008-01 男女兼用 おしゃれ アメカジ ストリート ヒップホップ,United Athle,注文してから手元に届くまでスピーディーでとても満足です。生地も丈夫で肌触りも良くいつも愛用してます。ありがとうございました。,5
174,tシャツ メンズ 無地 United Athle ユナイテッドアスレ 5.6オンス ビッグシルエットT ポケット付 5008-01 男女兼用 おしゃれ アメカジ ストリート ヒップホップ,United Athle,プレゼントでMサイズを。 小学3年生(我が家の下の子)にSサイズを以前 購入しましたが、かなりダボッとしてます。 それが気に入ってるらしい。 今回はお揃いで、友達へあげる為に購入。 体格のいい子(小学4年生)なので、うちの子のサイズより1つ大きくしました。,4
175,tシャツ メンズ 無地 United Athle ユナイテッドアスレ 5.6オンス ビッグシルエットT ポケット付 5008-01 男女兼用 おしゃれ アメカジ ストリート ヒップホップ,United Athle,色違いで３枚購入しました。 生地の透け感はありませんが、やや薄目なのでヘビロテする方には ワンシーズンでくたびれそう感があります。 ただ、インナーとしては良いと思います！胸ポケもありますし、コスパ的には良いほうだと思いますよ。,5
176,tシャツ メンズ 無地 United Athle ユナイテッドアスレ 5.6オンス ビッグシルエットT ポケット付 5008-01 男女兼用 おしゃれ アメカジ ストリート ヒップホップ,United Athle,約170cm、約65kgでLと迷ったが、Mを購入。ビッグシルエットらしく程よくゆったり感。着丈は通常のLぐらいあるかな。大きめが好みの人は、LかXLの方が良さそう。７オンスぐらいのビッグシルエットがあれば、星5です。,5
177,tシャツ メンズ 無地 United Athle ユナイテッドアスレ 5.6オンス ビッグシルエットT ポケット付 5008-01 男女兼用 おしゃれ アメカジ ストリート ヒップホップ,United Athle,172cm、65キロでXLを購入したした。オーバーサイズで着るので丁度良いサイズ感でした。ユニクロのXLよりワンサイズ大きいサイズ感です。作りも良く大変満足してます。白を買いましたが、色違いも購入しようと思います。,5
178,tシャツ メンズ 無地 United Athle ユナイテッドアスレ 5.6オンス ビッグシルエットT ポケット付 5008-01 男女兼用 おしゃれ アメカジ ストリート ヒップホップ,United Athle,値段の割には厚めでいい生地だと思います。M sizeで作りは少し大きめですがコーディネートしやすい。まだまだ暑いので短パンに合わせるんですが、自分ではいい感じの着こなしが出来ている。気がする、,4
179,tシャツ メンズ 無地 United Athle ユナイテッドアスレ 5.6オンス ビッグシルエットT ポケット付 5008-01 男女兼用 おしゃれ アメカジ ストリート ヒップホップ,United Athle,価格以上の満足いく物でした。生地の厚みもしっかりしていて、何度洗っても生地がへたる事もありません。 無地の白を購入しましたが形も良くシンプルだけど一枚でサマになります。これは買ってよかったです,5
180,tシャツ メンズ 無地 United Athle ユナイテッドアスレ 5.6オンス ビッグシルエットT ポケット付 5008-01 男女兼用 おしゃれ アメカジ ストリート ヒップホップ,United Athle,標準体型ですがお腹ポッコリなので、ビッグシルエットのMサイズを全色購入しました。体型はカバー出来るものの身丈が若干短かったかも。でも、生地はしっかりしてて透け感も無く良かったかな。,4
181,tシャツ メンズ 無地 United Athle ユナイテッドアスレ 5.6オンス ビッグシルエットT ポケット付 5008-01 男女兼用 おしゃれ アメカジ ストリート ヒップホップ,United Athle,まだ着ていないのでなんとも言えないです。 着ていこうと思った日に届かず着て行けませんでした。対応が悪いとはいいませんが他のショップよりも発送までが長かったです。,4
182,tシャツ メンズ 無地 United Athle ユナイテッドアスレ 5.6オンス ビッグシルエットT ポケット付 5008-01 男女兼用 おしゃれ アメカジ ストリート ヒップホップ,United Athle,当方172㎝、75㎏、多少ガッチリしていますが、Mサイズでバッチリでした。 シルエットも生地も非常に良いので、リピート決定です！！,5
183,tシャツ メンズ 無地 United Athle ユナイテッドアスレ 5.6オンス ビッグシルエットT ポケット付 5008-01 男女兼用 おしゃれ アメカジ ストリート ヒップホップ,United Athle,着心地めちゃくちゃ良いです！サイズ感もすごく気に入ってます！やや大きめサイズなので オーバーサイズ的に着る方がいいと思います。,5
184,tシャツ メンズ 無地 United Athle ユナイテッドアスレ 5.6オンス ビッグシルエットT ポケット付 5008-01 男女兼用 おしゃれ アメカジ ストリート ヒップホップ,United Athle,非常に着心地がいいです。 特に洗濯後の着心地がとてもいいです。 今回は白を購入しましたが、他の色も試そうと思っています。,5
185,tシャツ メンズ 無地 United Athle ユナイテッドアスレ 5.6オンス ビッグシルエットT ポケット付 5008-01 男女兼用 おしゃれ アメカジ ストリート ヒップホップ,United Athle,愛用している同メーカーの4411と比較するとかなり生地が薄く透け感もあるため、アメリカンTシャツという感じはしない。,2
186,tシャツ メンズ 無地 United Athle ユナイテッドアスレ 5.6オンス ビッグシルエットT ポケット付 5008-01 男女兼用 おしゃれ アメカジ ストリート ヒップホップ,United Athle,以前よりこちらの無地T着用していまして今回は色違いの購入です。 夏に向けて新しいカラーも取り入れ梅雨明けが楽しみ。,5
187,tシャツ メンズ 無地 United Athle ユナイテッドアスレ 5.6オンス ビッグシルエットT ポケット付 5008-01 男女兼用 おしゃれ アメカジ ストリート ヒップホップ,United Athle,サイズ表をみて購入したのですがかなりオーバーサイズです。 交換もしてもらえず、返品の返金です。 なんか買いずらい,1
188,tシャツ メンズ 無地 United Athle ユナイテッドアスレ 5.6オンス ビッグシルエットT ポケット付 5008-01 男女兼用 おしゃれ アメカジ ストリート ヒップホップ,United Athle,流行りの冷感は付いてませんが安いし形の良いビッグシルエットで 色々着回しができると思うので買ってよかったです。,4
189,tシャツ メンズ 無地 United Athle ユナイテッドアスレ 5.6オンス ビッグシルエットT ポケット付 5008-01 男女兼用 おしゃれ アメカジ ストリート ヒップホップ,United Athle,メンズなので着てみてなんかしっくりこなかったらムスコにあげようと思い購入。コレは違う色もほしくなりました。,5
190,tシャツ メンズ 無地 United Athle ユナイテッドアスレ 5.6オンス ビッグシルエットT ポケット付 5008-01 男女兼用 おしゃれ アメカジ ストリート ヒップホップ,United Athle,シンプルなデザインで胸ポケット付、厚手なのでしっかりした感じです。 探していた物と条件がピッタリでした。,4
191,tシャツ メンズ 無地 United Athle ユナイテッドアスレ 5.6オンス ビッグシルエットT ポケット付 5008-01 男女兼用 おしゃれ アメカジ ストリート ヒップホップ,United Athle,生地はしっかりしており、サイズもちょうど良い感じです。 他の一般的なものより少し身幅が広めに感じます。,4
192,tシャツ メンズ 無地 United Athle ユナイテッドアスレ 5.6オンス ビッグシルエットT ポケット付 5008-01 男女兼用 おしゃれ アメカジ ストリート ヒップホップ,United Athle,ホワイトを購入しましたが透けます。これ１枚ではしんどい。 カラーによるのかも知れません。,3
193,Tシャツ メンズ ブランド 大きいサイズ バックプリント 半袖 かっこいい おしゃれ ストリート アメカジ カジュアル 黒 白 青 ダンス ロゴ 夏 メンズ夏物,BLACKTON,ありがとうございました。 170.80kgで.Lを購入、ジャストサイズでした。XLでも、良かったかも。 背中の印刷が、微妙にセンターじゃない感じがしました。 洗濯して少し剥げが・・・,4
194,Tシャツ メンズ ブランド 大きいサイズ バックプリント 半袖 かっこいい おしゃれ ストリート アメカジ カジュアル 黒 白 青 ダンス ロゴ 夏 メンズ夏物,BLACKTON,息子に頼まれ注文させて頂きました。レビューに小さめとあったので、ワンサイズ大きめを注文しました。文句を言って来ないってことは、ちょうど良かったのかな？,4
195,Tシャツ メンズ ブランド 大きいサイズ バックプリント 半袖 かっこいい おしゃれ ストリート アメカジ カジュアル 黒 白 青 ダンス ロゴ 夏 メンズ夏物,BLACKTON,いいですね～^^ ただ、ブルーが思ったより濃かったです。 もう少し、POPなブルーなら5星! オシャレでカッコイイですよ^^,4
196,Tシャツ メンズ ブランド 大きいサイズ バックプリント 半袖 かっこいい おしゃれ ストリート アメカジ カジュアル 黒 白 青 ダンス ロゴ 夏 メンズ夏物,BLACKTON,サイズも問題ないし、素早いお取引で気持ちのいい買い物が出来て満足してます。また、機会があればぜひ利用したいです。,5
197,Tシャツ メンズ ブランド 大きいサイズ バックプリント 半袖 かっこいい おしゃれ ストリート アメカジ カジュアル 黒 白 青 ダンス ロゴ 夏 メンズ夏物,BLACKTON,今回二枚購入しました。 金額も安かったし 非常にいい商品です。 思ったより金が目立ってます！！,4
198,Tシャツ メンズ ブランド 大きいサイズ バックプリント 半袖 かっこいい おしゃれ ストリート アメカジ カジュアル 黒 白 青 ダンス ロゴ 夏 メンズ夏物,BLACKTON,デザインも良かった。色、サイズも良かった! 対応も速く良かったです。,5
199,Tシャツ メンズ ブランド 大きいサイズ バックプリント 半袖 かっこいい おしゃれ ストリート アメカジ カジュアル 黒 白 青 ダンス ロゴ 夏 メンズ夏物,BLACKTON,少し小さいですね、写真と同じ雰囲気では有りません、残念です。,3
200,Tシャツ メンズ ブランド 大きいサイズ バックプリント 半袖 かっこいい おしゃれ ストリート アメカジ カジュアル 黒 白 青 ダンス ロゴ 夏 メンズ夏物,BLACKTON,デザインが良かったです！ 値段も安いので満足してます！,4
201,Tシャツ メンズ ブランド 大きいサイズ バックプリント 半袖 かっこいい おしゃれ ストリート アメカジ カジュアル 黒 白 青 ダンス ロゴ 夏 メンズ夏物,BLACKTON,この夏大活躍しています！,5
202,Tシャツ メンズ ブランド 大きいサイズ バックプリント 半袖 かっこいい おしゃれ ストリート アメカジ カジュアル 黒 白 青 ダンス ロゴ 夏 メンズ夏物,BLACKTON,デザインもよく生地もいい,5
203,Tシャツ メンズ ブランド 大きいサイズ バックプリント 半袖 かっこいい おしゃれ ストリート アメカジ カジュアル 黒 白 青 ダンス ロゴ 夏 メンズ夏物,BLACKTON,普通にいいです。,5
204,Tシャツ メンズ ブランド 大きいサイズ バックプリント 半袖 かっこいい おしゃれ ストリート アメカジ カジュアル 黒 白 青 ダンス ロゴ 夏 メンズ夏物,BLACKTON,良い商品でした,4
205,Tシャツ メンズ ブランド 大きいサイズ バックプリント 半袖 かっこいい おしゃれ ストリート アメカジ カジュアル 黒 白 青 ダンス ロゴ 夏 メンズ夏物,BLACKTON,カッコイイ,5
206,Tシャツ メンズ ブランド 大きいサイズ バックプリント 半袖 かっこいい おしゃれ ストリート アメカジ カジュアル 黒 白 青 ダンス ロゴ 夏 メンズ夏物,BLACKTON,良かった,5
207,Tシャツ メンズ ブランド 大きいサイズ バックプリント 半袖 かっこいい おしゃれ ストリート アメカジ カジュアル 黒 白 ダンス XL XXL ロゴ,REALCONTENTS,縫製もしっかりしていて、着心地もよいのですが ちょっと値段の割にやすっぽいかなぁと思います。 それと少しちいさめ、これならXXLを購入すればよかったかもしれません。 ２着まとめ買いだったので、&#92;784引きになります。 PayPayで値引き前の金額を払いました。（注文確定時には値引き前の金額のまま） あとからメールが来て、&#92;784から振込手数料を引いた金額を振り込むから、口座をお知らせくださいと。 振込手数料を引いたら何にも残らないので、 『他の方法はないのか？』と返信すると、PayPayの決済でも、後から値引きできると回答が来ました。 丁寧に調べて対応していただきありがとうございました。 ただ、お店側の責任であれば、最初から手数料を引かない方法を準備しておいてほしかったです。,3
208,Tシャツ メンズ ブランド 大きいサイズ バックプリント 半袖 かっこいい おしゃれ ストリート アメカジ カジュアル 黒 白 ダンス XL XXL ロゴ,REALCONTENTS,セール+20%OFFで半額以下でした。 柄違いで白と黒を数枚購入しました。 黒は透けませんが、白は若干透けるので、人によっては気になるかもしれません。 低価だったら購入を考えるかもしれませんが、今回は半額以下でしたし、良い買い物ができたと思います。,5
209,Tシャツ メンズ ブランド 大きいサイズ バックプリント 半袖 かっこいい おしゃれ ストリート アメカジ カジュアル 黒 白 ダンス XL XXL ロゴ,REALCONTENTS,身長178センチ、体重88キロでXXLでちょうどいいサイズでした。なかなかXLまでしかサイズがないのにこの商品は大きいサイズがあって、さらにデザインもかっこいいのがあって、即買いしました。買ってよかったです。,5
210,Tシャツ メンズ ブランド 大きいサイズ バックプリント 半袖 かっこいい おしゃれ ストリート アメカジ カジュアル 黒 白 ダンス XL XXL ロゴ,REALCONTENTS,このたびは丁寧・迅速な対応をいただき、非常に良いお取引をさせていただくことができました。また機会ありました際は、よろしくお願い申し上げます。ありがとうございました。とても信頼のおける出品者様です。,5
211,Tシャツ メンズ ブランド 大きいサイズ バックプリント 半袖 かっこいい おしゃれ ストリート アメカジ カジュアル 黒 白 ダンス XL XXL ロゴ,REALCONTENTS,サイズ感は普通 着心地は少し固め デザインはいい感じにピンクだから黒をチョイス。 後は耐久性が気になるところだが、数回着て首廻りが伸びない事を祈る,4
212,Tシャツ メンズ ブランド 大きいサイズ バックプリント 半袖 かっこいい おしゃれ ストリート アメカジ カジュアル 黒 白 ダンス XL XXL ロゴ,REALCONTENTS,首元のタグが擦れて痛い。 材質が固いので原因はそれかなって感じです。 服屋に行く暇がないのでネットで買いました。 他は特に問題ありません。,3
213,Tシャツ メンズ ブランド 大きいサイズ バックプリント 半袖 かっこいい おしゃれ ストリート アメカジ カジュアル 黒 白 ダンス XL XXL ロゴ,REALCONTENTS,黒赤を頼みました。赤がラメっぽい光沢のある色です。 もう少し普通の赤ならもっとカッコよかったかな。,4
214,Tシャツ メンズ ブランド 大きいサイズ バックプリント 半袖 かっこいい おしゃれ ストリート アメカジ カジュアル 黒 白 ダンス XL XXL ロゴ,REALCONTENTS,大きいです。しかもXXLにしてしまい失敗しました。自分のミスでした。デザインなど気に入りました,4
215,Tシャツ メンズ ブランド 大きいサイズ バックプリント 半袖 かっこいい おしゃれ ストリート アメカジ カジュアル 黒 白 ダンス XL XXL ロゴ,REALCONTENTS,黒を購入しました。デザインも思ったより赤が派手でなく良かったです。着心地もよく良かったです。,5
216,Tシャツ メンズ ブランド 大きいサイズ バックプリント 半袖 かっこいい おしゃれ ストリート アメカジ カジュアル 黒 白 ダンス XL XXL ロゴ,REALCONTENTS,格好いいデザイン 生地ともしっかりしてます。２回目の購入しました。,5
217,Tシャツ メンズ ブランド 大きいサイズ バックプリント 半袖 かっこいい おしゃれ ストリート アメカジ カジュアル 黒 白 ダンス XL XXL ロゴ,REALCONTENTS,生地が薄い・・使い捨てシャツって感じ。肌が透けて見える,2
218,Tシャツ メンズ ブランド 大きいサイズ バックプリント 半袖 かっこいい おしゃれ ストリート アメカジ カジュアル 黒 白 ダンス XL XXL ロゴ,REALCONTENTS,見た目めも、着た感じも、 自分の好み通りでした！！,5
219,Tシャツ メンズ ブランド 大きいサイズ バックプリント 半袖 かっこいい おしゃれ ストリート アメカジ カジュアル 黒 白 ダンス XL XXL ロゴ,REALCONTENTS,生地も厚くて思ったよりよかったです。,5
220,Tシャツ メンズ ブランド 大きいサイズ バックプリント 半袖 かっこいい おしゃれ ストリート アメカジ カジュアル 黒 白 ダンス XL XXL ロゴ,REALCONTENTS,迅速丁寧な対応有難うございました。,5
221,Tシャツ メンズ ブランド 大きいサイズ バックプリント 半袖 かっこいい おしゃれ ストリート アメカジ カジュアル 黒 白 ダンス XL XXL ロゴ,REALCONTENTS,また、宜しくお願い致します。,5
222,メンズ半袖Tシャツ 半袖 クルーネック ティーシャツ アメカジ ストリート ロゴプリント ミリタリー フォト メッセージロゴ 春夏 トップス 部屋着 ルームウェア,topism,安かろう=悪かろう。 まさにこれです。 一度の洗濯でヨレヨレもいいとこ。 首が伸びてデロデロになりました。もう恥ずかしくて着れる物じゃありません。 もちろん、洗濯の仕方もいたって普通だし、干し方だっていつも丁寧に干している自信があります。 この値段も高いくらい。一度きりの使い捨て用です。２つ買いましたが、両方共首が広がり、グニャグニャ。なんだこれ。たった一度で‼︎‼︎‼︎ 主人からは、ネットで服買うの 禁止令出ました。 だよね。返す言葉もありません。,1
223,メンズ半袖Tシャツ 半袖 クルーネック ティーシャツ アメカジ ストリート ロゴプリント ミリタリー フォト メッセージロゴ 春夏 トップス 部屋着 ルームウェア,topism,サイズが大きくて、カラーも黒で、とても、気にいっています。 また、なんといっても価格が安いので、良かったですね&amp;#10071;&amp;#65039; 購入金額777円で、Tポイントも、使い、さらに安くなりました。商品の長所は、黒なので、着やせして見えることで、短所は、これから、 使用してみないとわからないですが、襟が、使用していくにつれて、 へたるか？どうかというところですね,5
224,メンズ半袖Tシャツ 半袖 クルーネック ティーシャツ アメカジ ストリート ロゴプリント ミリタリー フォト メッセージロゴ 春夏 トップス 部屋着 ルームウェア,topism,サイズ感もちょうど良く、品質としてはカジュアルショップの２枚目半額などで売ってる位のイメージです。 ブランドTシャツと比べれば当然、生地は薄い感じですが透け感もそれほど気にならず、縫製も許容範囲です。 画像はネットに入れて１回洗濯した状態（と、新品状態）ですが、襟元は価格相応なので休日のみの使用とかならともかく使用頻度が高いと1シーズン位でヘタリそうな感じです。 ただし、そもそもが安いので全体的には満足です。,4
225,メンズ半袖Tシャツ 半袖 クルーネック ティーシャツ アメカジ ストリート ロゴプリント ミリタリー フォト メッセージロゴ 春夏 トップス 部屋着 ルームウェア,topism,これから暖かくなる季節になる為、レビューを拝見し購入しました。デザインは好みのＴシャツを選んだ為、問題ナシ。 サイズですが普段はギルダンのＭを着ていますが、少しゆったりと着たい為「Ｌ」サイズを購入。 横幅、着丈とギルダンとほぼ同じサイズでした。(ギルダンは少し大きめ) 縫製は丁寧にしてあり、値段の割にはしっかりしたモノだと思います。 今回２枚購入しましたがまた追加して購入を考えています。,5
226,メンズ半袖Tシャツ 半袖 クルーネック ティーシャツ アメカジ ストリート ロゴプリント ミリタリー フォト メッセージロゴ 春夏 トップス 部屋着 ルームウェア,topism,ロゴが好きで買いました。とても可愛くて… ロゴが好きで買いました。とても可愛くて良かったですが、生地はペラペラでした。お値段考えたら当たり前ですけどね。男性用Tシャツはよく買うので、Ｌで、肩幅や胸回りは良いです。ただ、しっかりした厚め生地だと、ポッコリお腹も目立たないですが、このTシャツの生地だとお腹に張りつくので長Tの上から着ようと思います。ロゴはめちゃくちゃ可愛いです。,4
227,メンズ半袖Tシャツ 半袖 クルーネック ティーシャツ アメカジ ストリート ロゴプリント ミリタリー フォト メッセージロゴ 春夏 トップス 部屋着 ルームウェア,topism,初めて購入しました。25日の夜注文して27日の昼過ぎに届きました。この安さでワンシーズンもてばいいかなと思っています。この夏過ぎにどうなるかな。デザインはいろいろあり気にいっています。肌に直接着るので綿が良かったですがちょっと冒険してみました。静電気で皮膚が荒れるからです。これもワンシーズン過ぎてからわかることかな。来年また再度購入したら大満足ですね。今のところ満足です。,4
228,メンズ半袖Tシャツ 半袖 クルーネック ティーシャツ アメカジ ストリート ロゴプリント ミリタリー フォト メッセージロゴ 春夏 トップス 部屋着 ルームウェア,topism,178cm61kg Lサイズ注文 細身の体型でもウエスト周りがブカブカにならずスッキリ。二の腕やウエストに張り付くようなことはありません。丈の長さは大腿骨骨頭部(立ったときに一番横に出っ張る足の付け根)くらい。座ったときに背中が見えないので良い。生地は少しだけ透けます。厚手でなければTシャツは透ける？気になる程ではなく乳首や肌が透けることはありません(白色はわからない),4
229,メンズ半袖Tシャツ 半袖 クルーネック ティーシャツ アメカジ ストリート ロゴプリント ミリタリー フォト メッセージロゴ 春夏 トップス 部屋着 ルームウェア,topism,生地がかなり薄く透けそうなわりにはソフト感が無く…着心地がイマイチです！ 白でなく他の色をオススメします！ ペイントのロゴのかすれ具合は自然で安っぽく無いし、(まだ一度しか洗濯していませんが)襟回りもしっかりしていそうです！ 送料無料時に購入しましたが、安価な商品でも送料無料キャンペーンをもっと頻繁に開催して頂けるよう希望します(^^;),3
230,メンズ半袖Tシャツ 半袖 クルーネック ティーシャツ アメカジ ストリート ロゴプリント ミリタリー フォト メッセージロゴ 春夏 トップス 部屋着 ルームウェア,topism,好きな色を購入しました、セールで安くなってました。これからの季節必需品です、着心地も良いです&amp;#8556;サイズゆったり丈もちょっと長めで好きなタイプです。ファッションには無頓着なのでこういったラフに着られるものが良いです。有る物を適当に着まわすおじさんには品物ですカラーバリエーションも豊富ですし、せめて一部でもかっこ良く。,5
231,メンズ半袖Tシャツ 半袖 クルーネック ティーシャツ アメカジ ストリート ロゴプリント ミリタリー フォト メッセージロゴ 春夏 トップス 部屋着 ルームウェア,topism,中学生の息子に購入しました。身長が高く細身なのですが本人はＬＬでもよかったかもと言っていましたが、私と旦那が見た感じではＬサイズで丁度いいんじゃないかと思っています。安いのにデザインも本人が気に入ってくれて好んで着ているのでよかったです。一緒に店に行って選ぶ年ではなくなったので、ネットで本人の好きなデザインの服が購入できてよかったです。,4
232,メンズ半袖Tシャツ 半袖 クルーネック ティーシャツ アメカジ ストリート ロゴプリント ミリタリー フォト メッセージロゴ 春夏 トップス 部屋着 ルームウェア,topism,(グレイの製品に関してですが)ペイントのロゴのかすれ具合も自然で安っぽく無いし、(まだ一度しか洗濯していませんが)襟回りもしっかりしていそうです！ ただ生地が少し薄いのが気になりますが、この値段なら合格？と言えると思います！ 送料無料時に購入しましたが、安価な商品でも送料無料キャンペーンをもっと頻繁に開催して頂けるよう希望します(^^;),4
233,メンズ半袖Tシャツ 半袖 クルーネック ティーシャツ アメカジ ストリート ロゴプリント ミリタリー フォト メッセージロゴ 春夏 トップス 部屋着 ルームウェア,topism,ロゴが好きで買いました。とても可愛くて良かったですが、生地はペラペラでした。お値段考えたら当たり前ですけどね。男性用Tシャツはよく買うので、Ｌで、肩幅や胸回りは良いです。ただ、しっかりした厚め生地だと、ポッコリお腹も目立たないですが、このTシャツの生地だとお腹に張りつくので長Tの上から着ようと思います。ロゴはめちゃくちゃ可愛いです。,4
234,メンズ半袖Tシャツ 半袖 クルーネック ティーシャツ アメカジ ストリート ロゴプリント ミリタリー フォト メッセージロゴ 春夏 トップス 部屋着 ルームウェア,topism,これから暑くなる為、レビューを見て購入しました。デザインは好みのＴシャツを選んだ為、問題はありません。 サイズは普段はLLを着ますが、ゆったりと着たい為「3L」サイズを購入しました。 縫製は丁寧にしてあり、値段の割にはしっかりしたモノだと思います。 まだ洗濯していない為、耐久性等はわかりませんが、長く着れればいいなと思います。,4
235,メンズ半袖Tシャツ 半袖 クルーネック ティーシャツ アメカジ ストリート ロゴプリント ミリタリー フォト メッセージロゴ 春夏 トップス 部屋着 ルームウェア,topism,昔からの真っ白いプリントTシャツ！部屋着で使う用に購入しました。この白さむしろ近頃見ないのでそれはそれでイイかもと思いました(笑)プリント部も何回かの洗濯で割れるだろうなぁ〜という感じですが、パッと見柄が気に入ってこのお値段なら◎それにショップからのメールがとても丁寧で気持ち良いお買い物が出来た事が嬉しかったです！,4
236,メンズ半袖Tシャツ 半袖 クルーネック ティーシャツ アメカジ ストリート ロゴプリント ミリタリー フォト メッセージロゴ 春夏 トップス 部屋着 ルームウェア,topism,この値段の割に質感も良いです！洗濯はしてませんが首がヨレヨレにはなりにくそうな感じ。 非対称のデザインもGoodでとても気に入りました。 １７０CM６７KGの筋トレ好きなのでLでピッタリです。 そんなにタイトなつくりではないですが大胸筋が目立ちます（笑） 他の種類も気になっているので購入予定！,5
237,メンズ半袖Tシャツ 半袖 クルーネック ティーシャツ アメカジ ストリート ロゴプリント ミリタリー フォト メッセージロゴ 春夏 トップス 部屋着 ルームウェア,topism,お値段がリーズナブルな上に送料が無料でしたので試しに購入してみました。 生地が薄いようだったら パジャマ用にすればいいと思っていたのですが…!! 予想以上のお品でした(^^♪ 生地も薄すぎずしっかりしていましたので パジャマにはせず 十分 普段使いにできます。 気に入ったプリントデザインがあれば また購入しようと思います。,5
238,メンズ半袖Tシャツ 半袖 クルーネック ティーシャツ アメカジ ストリート ロゴプリント ミリタリー フォト メッセージロゴ 春夏 トップス 部屋着 ルームウェア,topism,何時も、早い発送ありがとうございます、商品が届きました、今回二枚まとめて購入しましたが、もっと買えばよかったと、思いました、安い価格感じさせない商品だと思います、夏は、汗をかくので、枚数が欲しいですからね、見た目も思ったより良く低価格の、この、Tシャツは、本当に助かります、また、宜しくお願い致します。,5
239,メンズ半袖Tシャツ 半袖 クルーネック ティーシャツ アメカジ ストリート ロゴプリント ミリタリー フォト メッセージロゴ 春夏 トップス 部屋着 ルームウェア,topism,本日無事に商品が到着しました。早速試着しましたが、バッチリでした！ 181cm72kgで、今回はLにしました。 太めのジーンズに合わせたかったので、普段はMですがイメージ通りのサイズ感でした。 ロンTと重ね着の際もこれならいけそうです。 用途に合わせてサイズを選ぶといいと思います。 ありがとうございました。,5
240,メンズ半袖Tシャツ 半袖 クルーネック ティーシャツ アメカジ ストリート ロゴプリント ミリタリー フォト メッセージロゴ 春夏 トップス 部屋着 ルームウェア,topism,前回、この商品の違うTシャツを購入し値段が安いのに良い品物だと感じ、新たに番号違いのTシャツを購入しました。この値段でのコスパ最高です！種類も沢山あり選べるというところも良い点ですが人気あるTシャツは在庫なしでしたので、そこが残念でした。着心地も悪くないので本当に、この値段で買えてラッキーでした。,4
241,メンズ半袖Tシャツ 半袖 クルーネック ティーシャツ アメカジ ストリート ロゴプリント ミリタリー フォト メッセージロゴ 春夏 トップス 部屋着 ルームウェア,topism,まだ、購入仕立てなので洗濯した後の型崩れとか傷みとかは、わかりませんがプリントのデザインは、とても好きです。 サイズは、Ｌで身長165cm体重70kgの私でも余裕のサイズでした。 これから夏本番に向かって着用頻度も増えると思います。 まぁ、この価格ですのでワンシーズン型崩れしなければ有り難いです。,4
242,Tシャツ メンズ レディース 半袖 カットソー 男女兼用 ペアルック おしゃれ クルーネックTシャツ ストリート アメカジ,mowmow,サイズ少し小さためなので大きめを購入しました。生地も良くて安かったので次は違う文字のを購入しようと思います,4
243,Tシャツ メンズ レディース 半袖 カットソー 男女兼用 ペアルック おしゃれ クルーネックTシャツ ストリート アメカジ,mowmow,とてもサイズ的にも少し大きめの商品を買って良かったです、その甲斐あって自分にピッタリで良かったです又購入したいとおもいます‼️,5
244,Tシャツ メンズ レディース 半袖 カットソー 男女兼用 ペアルック おしゃれ クルーネックTシャツ ストリート アメカジ,mowmow,デザインも着心地も良かったです！ ただ1つ言うとすれば袖の所がキツいかなって思ったぐらいです！,5
245,Tシャツ メンズ レディース 半袖 カットソー 男女兼用 ペアルック おしゃれ クルーネックTシャツ ストリート アメカジ,mowmow,商品は注文した翌日に到着しました。簡易包装で良い。サイズは書込みを見て普段着ているサイズより2ランク上を選択した。ちょうど良い。デザインがとても気に入っています。同じ商品で価格が時々変動しています。注文した時の価格は購入しやすい価格でした。,5
246,Tシャツ メンズ レディース 半袖 カットソー 男女兼用 ペアルック おしゃれ クルーネックTシャツ ストリート アメカジ,mowmow,1回目の洗濯で首回りにピンク色の斑点が出ました。一度使用しましたので 返品はしませんがたまたま出たのか全てがこのようなものなのか色違いを 購入予定でしたが考え中,1
247,Tシャツ メンズ レディース 半袖 カットソー 男女兼用 ペアルック おしゃれ クルーネックTシャツ ストリート アメカジ,mowmow,初めは少し大きめかと思いましたが、いざ着てみると、ちょうど良かったです。デザインも触り心地も良く、おすすめしたい商品です,5
248,Tシャツ メンズ レディース 半袖 カットソー 男女兼用 ペアルック おしゃれ クルーネックTシャツ ストリート アメカジ,mowmow,気に入りました。この時期には、楽で過ごしやすいです。良い買い物出来ました。またよろしくお願いします。,5
249,Tシャツ メンズ レディース 半袖 カットソー 男女兼用 ペアルック おしゃれ クルーネックTシャツ ストリート アメカジ,mowmow,とても良いデザインで気に入りました。 生地もしっかりしていて、この安さは信じられないくらいです。,5
250,Tシャツ メンズ レディース 半袖 カットソー 男女兼用 ペアルック おしゃれ クルーネックTシャツ ストリート アメカジ,mowmow,少し大きめのサイズで購入したのですがピチピチでした 生地は悪くないかな,3
251,Tシャツ メンズ レディース 半袖 カットソー 男女兼用 ペアルック おしゃれ クルーネックTシャツ ストリート アメカジ,mowmow,とても着やすいです、ナイロンでは無いので、汗も吸い取ってくれて、乾きも速く楽です、ナイロンはいつまでもベタベタしてますが綿の為洗濯も楽です。,5
252,Tシャツ メンズ レディース 半袖 カットソー 男女兼用 ペアルック おしゃれ クルーネックTシャツ ストリート アメカジ,mowmow,人にもよるでしょうけど思ったよりもタイトなデザインでしたワンサイズ大きいものでよかったかもです質感は気に入ってます,4
253,Tシャツ メンズ レディース 半袖 カットソー 男女兼用 ペアルック おしゃれ クルーネックTシャツ ストリート アメカジ,mowmow,これは綿100%なのか？ 黒注文したはずやのにワインレッドが届いた 恥ずかしくて着れない 返品するにも購入者負担かも分からないしタンスの肥やしかな 勘弁してくれよ,1
254,Tシャツ メンズ レディース 半袖 カットソー 男女兼用 ペアルック おしゃれ クルーネックTシャツ ストリート アメカジ,mowmow,176-76 多少体鍛えてる系のおっさんです、3XLを購入しましたが、少し大きかったです。他の人のレビューにも書いてありましたが、プリントが左右の位置（高さ）ずれてます。,3
255,Tシャツ メンズ レディース 半袖 カットソー 男女兼用 ペアルック おしゃれ クルーネックTシャツ ストリート アメカジ,mowmow,初めての購入！さっそく試着してみました。ワンサイズ大きくしといて大正解でした。これからの季節、お世話になります。,5
256,Tシャツ メンズ レディース 半袖 カットソー 男女兼用 ペアルック おしゃれ クルーネックTシャツ ストリート アメカジ,mowmow,安価な割に、普通に着るTシャツとしては、デザイン性もあり 良いかなと。ラフに着れるし、インナーとしても、上着と 組み合わせしやすい,3
257,Tシャツ メンズ レディース 半袖 カットソー 男女兼用 ペアルック おしゃれ クルーネックTシャツ ストリート アメカジ,mowmow,以前にも購入して大変良かったので違うデザインを選びました。この夏の活躍を期待しています。デザインがとにかく気に入っています。安価なわりに生地も縫製もしっかりしていて非常に良い。,5
258,Tシャツ メンズ レディース 半袖 カットソー 男女兼用 ペアルック おしゃれ クルーネックTシャツ ストリート アメカジ,mowmow,価格の割には生地はしっかりしており、長く着れそうです。内側で糸が出ている部分はありましたが、ハサミで切れば問題ないので、満足できる商品でした。,5
259,Tシャツ メンズ レディース 半袖 カットソー 男女兼用 ペアルック おしゃれ クルーネックTシャツ ストリート アメカジ,mowmow,白購入しましたが、思ってたより納品が 早かったです。冬場に他のサイトより同じデザインの 長袖を購入しましたがサイズが不規則で満足 行きませんでしたが2XL購入でピッタリでした。 色違いを購入予定です。,4
260,Tシャツ メンズ レディース 半袖 カットソー 男女兼用 ペアルック おしゃれ クルーネックTシャツ ストリート アメカジ,mowmow,レビュー見てワンサイズ大きめ買いましたが、肩幅がちょっと大きかったです。肩の縫いがガッチリしていて肩が張って見えてしまいます。赤と書いてましたが、ボルドーですね。レビュー見て赤じゃないというの見かけていたので、逆に期待していた色だったので真っ赤よりは良かったです。,4
261,Tシャツ メンズ レディース 半袖 カットソー 男女兼用 ペアルック おしゃれ クルーネックTシャツ ストリート アメカジ,mowmow,デザインも質感も気に入っています。 少しほつれているところもありましたが、 気にならない程度です。 また機会があったら リピートします。,5
262,プリントTシャツ メンズ 半袖 夏 アメカジ ストリート カジュアル ロゴ 親子 ペア アメリカ 綿 100% お揃い 家族 S M L LL,CharaBasket,"174cm80kg肩幅広め筋肉質。 普段のTシャツはL,小さめならLL. LLで胸周りがギリギリ。 他は丁度良いと言った感じ。 生地感は極薄では無いものの、寒さで乳首が立ってたりすると分かります笑 透け感は購入したグリーン、ネイビーではありません。 私は気に入りましたが、厚手のTシャツがご所望ならばこれ以外にされた方が良いかと。 あとは耐久性ですが、一夏持てば私は良いですが…それ以下なら追記します。 (4点購入しましたので、個体差では無い場合に)",5
263,プリントTシャツ メンズ 半袖 夏 アメカジ ストリート カジュアル ロゴ 親子 ペア アメリカ 綿 100% お揃い 家族 S M L LL,CharaBasket,サイズはピッタリでしたが生地は薄めかなと個人的には思いました白色を購入しましたが透けるタイプの生地でしたので次は違うカラーを選び購入したいと思います。,3
264,プリントTシャツ メンズ 半袖 夏 アメカジ ストリート カジュアル ロゴ 親子 ペア アメリカ 綿 100% お揃い 家族 S M L LL,CharaBasket,サイズも良く、着やすくて良かったです。また二枚目が欲しいと思っています。これからの季節には、ちょうど良いです。,4
265,プリントTシャツ メンズ 半袖 夏 アメカジ ストリート カジュアル ロゴ 親子 ペア アメリカ 綿 100% お揃い 家族 S M L LL,CharaBasket,主人と私のを購入しました。直接肌に触れるので綿100%が一番です！ 到着後畳みジワもあるし肌に触れる物なので即洗濯。 生地は厚すぎず薄すぎず丁度よく、首周りも伸びず。 後は耐久性がどんなものかですが、お値段が安いのでそこは期待せずかなと。 再度購入しようと思います。,4
266,プリントTシャツ メンズ 半袖 夏 アメカジ ストリート カジュアル ロゴ 親子 ペア アメリカ 綿 100% お揃い 家族 S M L LL,CharaBasket,可もなく不可もなく無難な商品でした。生地も厚くはありませんが薄くもなく着心地が良いものです。普通にリピートしようとおもいます。,4
267,プリントTシャツ メンズ 半袖 夏 アメカジ ストリート カジュアル ロゴ 親子 ペア アメリカ 綿 100% お揃い 家族 S M L LL,CharaBasket,この値段とは思えないくらいしっかりして、大きさもちょうどよく、大満足です。 欲を言えば、これからも続けて購入したいので、柄が増えていくとうれしいです。,5
268,プリントTシャツ メンズ 半袖 夏 アメカジ ストリート カジュアル ロゴ 親子 ペア アメリカ 綿 100% お揃い 家族 S M L LL,CharaBasket,お値段がもの凄く安いし、プリント柄も気にいったので2枚注文しました。手に取ってみたところそんなに薄い生地でもなく職場が暑い所なのでちょうど良い感じです。 主人も欲しいとの事で新たにまた2枚注文しました。 後からのはまだ届いていませんが楽しみにしています。,5
269,プリントTシャツ メンズ 半袖 夏 アメカジ ストリート カジュアル ロゴ 親子 ペア アメリカ 綿 100% お揃い 家族 S M L LL,CharaBasket,子供との親子コーデ用に購入しました。 子供が外遊びや食事で良く汚すので、汚れが目立たないカーキ色を選択。 大人用の方が若干、色が薄いですが、許容範囲です。,5
270,プリントTシャツ メンズ 半袖 夏 アメカジ ストリート カジュアル ロゴ 親子 ペア アメリカ 綿 100% お揃い 家族 S M L LL,CharaBasket,身長175センチ、体重75キロ がっちり体型です。XLサイズを購入しました。配色がいいですね。この品質でこの値段なら買いですね！違うデザインも購入予定です。,5
271,プリントTシャツ メンズ 半袖 夏 アメカジ ストリート カジュアル ロゴ 親子 ペア アメリカ 綿 100% お揃い 家族 S M L LL,CharaBasket,商品届きました。商品はコスパからみたらペラペラでもなく、悪くないんですがクビの後ろのタグの材質が硬いからチクチクしてカドを落とすかタグを切らないと着れませんでした。また購入から発送まで時間がかかりすぎで、同じ日に沖縄の物産を買いましたが、2日後には発送作業は終わってました。,3
272,プリントTシャツ メンズ 半袖 夏 アメカジ ストリート カジュアル ロゴ 親子 ペア アメリカ 綿 100% お揃い 家族 S M L LL,CharaBasket,子供とのペアtシャツが欲しくて購入しました。生地もしっかりしていて着やすいです。プリントかわいく子供も喜んできています。,5
273,プリントTシャツ メンズ 半袖 夏 アメカジ ストリート カジュアル ロゴ 親子 ペア アメリカ 綿 100% お揃い 家族 S M L LL,CharaBasket,下が写るほどペラペラでした。 これ、着れないかも。,2
274,プリントTシャツ メンズ 半袖 夏 アメカジ ストリート カジュアル ロゴ 親子 ペア アメリカ 綿 100% お揃い 家族 S M L LL,CharaBasket,身巾は細めで着丈は長めだと思いました。 安いのに生地がしっかりしていて着心地も良いです。,5
275,プリントTシャツ メンズ 半袖 夏 アメカジ ストリート カジュアル ロゴ 親子 ペア アメリカ 綿 100% お揃い 家族 S M L LL,CharaBasket,生地も薄すぎず着心地がよくてもっと欲しくなりました。 安いので部屋着にもいいと思います。,5
276,プリントTシャツ メンズ 半袖 夏 アメカジ ストリート カジュアル ロゴ 親子 ペア アメリカ 綿 100% お揃い 家族 S M L LL,CharaBasket,値段が安かったから期待して無かったけど 生地も悪く無いし来やすくて、洗ってもヨレる事も無く又リピします。メンズのTシャツは着やすくて良いですね❗️,5
277,プリントTシャツ メンズ 半袖 夏 アメカジ ストリート カジュアル ロゴ 親子 ペア アメリカ 綿 100% お揃い 家族 S M L LL,CharaBasket,発送も早く値段も破格で商品のクオリティもとても良かった また返答も直ぐにして頂き気持ちの良いやりとりができました,5
278,プリントTシャツ メンズ 半袖 夏 アメカジ ストリート カジュアル ロゴ 親子 ペア アメリカ 綿 100% お揃い 家族 S M L LL,CharaBasket,とにかく安い 見た目もかわいいです。 パジャマ＆ご近所の買い物に行くのに着てます。 この値段なんで、生地はちょっと薄いです。 何回も洗濯していますが、全然大丈夫です。 梱包も丁寧な状態で届きました。,5
279,プリントTシャツ メンズ 半袖 夏 アメカジ ストリート カジュアル ロゴ 親子 ペア アメリカ 綿 100% お揃い 家族 S M L LL,CharaBasket,生地は薄い感じがしましたが、デザインも多数ありとても満足しています。またぜひ購入したいと思います。,5
280,プリントTシャツ メンズ 半袖 夏 アメカジ ストリート カジュアル ロゴ 親子 ペア アメリカ 綿 100% お揃い 家族 S M L LL,CharaBasket,生地はペラペラということはなく、価格からすると十分だと感じました。とにかく気軽に洗濯することが出来るのでよかったです。,5
281,プリントTシャツ メンズ 半袖 夏 アメカジ ストリート カジュアル ロゴ 親子 ペア アメリカ 綿 100% お揃い 家族 S M L LL,CharaBasket,思ったより薄い生地でした。 白Tシャツは、下に着る物を気をつけた方が良いです。 綿100％なので洗濯すると少し縮む事を考えて、大きめを購入しました。 子供とお揃いを楽しみます。 お安く買えて良かったです。,3
282,Dickies ディッキーズ Tシャツ 半袖 メンズ ポケット ポケT ワンポイント ブランド 大きいサイズ ビッグ アメカジ ストリート USAモデル WS436,dickies,生地が丈夫でしっかりしている所と首周りも伸びにくい加工がしてあり非常に気に入りました。洗濯後もくたびれにくいためオススメです。,5
283,Dickies ディッキーズ Tシャツ 半袖 メンズ ポケット ポケT ワンポイント ブランド 大きいサイズ ビッグ アメカジ ストリート USAモデル WS437,dickies,セールでお安く購入できたからラッキーでした。 すぐに食べこぼしするから、白Tシャツは息子と主人に買いました。,4
284,Dickies ディッキーズ Tシャツ 半袖 メンズ ポケット ポケT ワンポイント ブランド 大きいサイズ ビッグ アメカジ ストリート USAモデル WS438,dickies,生地もしっかりしてるので息子用に購入しました。デザインもシンプル、値段もお手頃、大きめのサイズだったので、太めの息子も気に入ったようです。,5
285,Dickies ディッキーズ Tシャツ 半袖 メンズ ポケット ポケT ワンポイント ブランド 大きいサイズ ビッグ アメカジ ストリート USAモデル WS439,dickies,オシャレな箱での発送をして頂きました(^^) 梱包もとても丁寧な梱包で良かったです♪ TシャツはLサイズを購入しましたが日本サイズでいえばXLぐらいだと思います。 ダボっと着たい息子の為に大きめを購入して正解でした。 生地もしっかりしていて凄く良かったです♪,5
286,Dickies ディッキーズ Tシャツ 半袖 メンズ ポケット ポケT ワンポイント ブランド 大きいサイズ ビッグ アメカジ ストリート USAモデル WS440,dickies,ポケットについてるブランドマークが外側に寄りすぎです,4
287,Dickies ディッキーズ Tシャツ 半袖 メンズ ポケット ポケT ワンポイント ブランド 大きいサイズ ビッグ アメカジ ストリート USAモデル WS441,dickies,生地がしっかりしていて思ったよりはいいのですが、やはり着ていると暑いです。,4
288,Dickies ディッキーズ Tシャツ 半袖 メンズ ポケット ポケT ワンポイント ブランド 大きいサイズ ビッグ アメカジ ストリート USAモデル WS442,dickies,オーバーサイズはトレンドになり、今や定番化しつつあります。 こちらの商品はUSサイズになりますので、トレンドを押さえれます。 Mサイズでも、日本のXLに値します。 是非、試してみてください‼︎ また、生地感や胸ポケが付いてますし、コスパも優れてます。,5
289,Dickies ディッキーズ Tシャツ 半袖 メンズ ポケット ポケT ワンポイント ブランド 大きいサイズ ビッグ アメカジ ストリート USAモデル WS443,dickies,シンプルで可愛い😍 もっと欲しいです😊👌👍,5
290,Dickies ディッキーズ Tシャツ 半袖 メンズ ポケット ポケT ワンポイント ブランド 大きいサイズ ビッグ アメカジ ストリート USAモデル WS444,dickies,全体的にユッタリでよい。機会があれば又利用します。,4
291,Dickies ディッキーズ Tシャツ 半袖 メンズ ポケット ポケT ワンポイント ブランド 大きいサイズ ビッグ アメカジ ストリート USAモデル WS445,dickies,お腹が 出ている為 普段は ＬかＸＬを 着てるのですが Mで 少し ゆったり目で 着れて 丁度 良かったです 他の 色も 何枚か 購入したいのですが… 在庫が 無いのが 残念です また入荷しましたら 買いたいです,5
292,Dickies ディッキーズ Tシャツ 半袖 メンズ ポケット ポケT ワンポイント ブランド 大きいサイズ ビッグ アメカジ ストリート USAモデル WS446,dickies,以前にも色違いを購入したことがあるのでものに対してはまったく問題なく納得でした。,5
293,Dickies ディッキーズ Tシャツ 半袖 メンズ ポケット ポケT ワンポイント ブランド 大きいサイズ ビッグ アメカジ ストリート USAモデル WS447,dickies,注文から中2日で届きました。 迅速な対応ありがとうございました。,5
294,Dickies ディッキーズ Tシャツ 半袖 メンズ ポケット ポケT ワンポイント ブランド 大きいサイズ ビッグ アメカジ ストリート USAモデル WS448,dickies,良い生地ですね。１７６センチ９０キロでＸＬで少し大きく良い感じ,4
295,Dickies ディッキーズ Tシャツ 半袖 メンズ ポケット ポケT ワンポイント ブランド 大きいサイズ ビッグ アメカジ ストリート USAモデル WS449,dickies,身長１７５㎝、６３Ｋ。Ｍサイズで丁度良い感じ。ピッタリが好みだとＳサイズかな。,3
296,Dickies ディッキーズ Tシャツ 半袖 メンズ ポケット ポケT ワンポイント ブランド 大きいサイズ ビッグ アメカジ ストリート USAモデル WS450,dickies,すこし大きかったですが、デザインはとてもいいです！,4
297,Dickies ディッキーズ Tシャツ 半袖 メンズ ポケット ポケT ワンポイント ブランド 大きいサイズ ビッグ アメカジ ストリート USAモデル WS451,dickies,生地もしっかりしているし、ゆったりとしたサイズ感のシャツを探していたので満足です。胸ポケが今年らしくてより良かったです。,5
298,Dickies ディッキーズ Tシャツ 半袖 メンズ ポケット ポケT ワンポイント ブランド 大きいサイズ ビッグ アメカジ ストリート USAモデル WS452,dickies,丁度いい感じでした！ 現場で自慢しまーす(^o^),5
299,Dickies ディッキーズ Tシャツ 半袖 メンズ ポケット ポケT ワンポイント ブランド 大きいサイズ ビッグ アメカジ ストリート USAモデル WS453,dickies,着心地も良く、スモーカーには、ポケットは必須ですね。,5
300,Dickies ディッキーズ Tシャツ 半袖 メンズ ポケット ポケT ワンポイント ブランド 大きいサイズ ビッグ アメカジ ストリート USAモデル WS454,dickies,色は思っていたとおりのものでした。サイズはLを注文したのですが、一緒に購入した米国Lサイズのものと同じ感じでしたので日本ではXLサイズ相当だと思います。普段XLサイズを着るのでちょうどよく大変満足してます。,5
301,Dickies ディッキーズ Tシャツ 半袖 メンズ ポケット ポケT ワンポイント ブランド 大きいサイズ ビッグ アメカジ ストリート USAモデル WS455,dickies,思ったよりも大きかったです、普段3L着てますがXLでも大きすぎました,5
302,Manfinity Homme 男性 縞模様プリント ポロシャツ,shein,すごくかっこいいし誰でもスマートに着ることができるのでおすすめです,5
303,Manfinity Homme 男性 縞模様プリント ポロシャツ,shein,めっちゃ涼しい素材だった。軽いし合わせやすいとおもいます！,5
304,Manfinity Homme 男性 縞模様プリント ポロシャツ,shein,夏にピッタリで爽やかな印象になります！,5
305,Manfinity Homme 男性 縞模様プリント ポロシャツ,shein,涼しげでお洒落で良かった！ただ透けるので1枚では着れないです。,4
306,Manfinity Homme 男性 縞模様プリント ポロシャツ,shein,よく着こなせばすごくオシャレな服になります。スタイル良い方はMくらいが緩く着られていいと思います、ガタイの良い人はＬから上がいいかも,5
307,Manfinity Homme 男性 縞模様プリント ポロシャツ,shein,可愛いいいいいいいいい,5
308,Manfinity Homme 男性 縞模様プリント ポロシャツ,shein,生地は薄いけど中にタンクトップ着て着用します,5
309,Manfinity Homme 男性 縞模様プリント ポロシャツ,shein,めちゃめちゃ気に入った。薄すぎず夏乗り切れそう,5
310,Manfinity Homme 男性 縞模様プリント ポロシャツ,shein,生地もちょうどいい薄さで着心地もよさそうです。,5
311,Manfinity Homme 男性 縞模様プリント ポロシャツ,shein,デコボコのあるサラッサラサラの生地。とても涼しそう。,5
312,Manfinity Homme 男性 縞模様プリント ポロシャツ,shein,今回も素敵な商品とめぐりあい、心から満足感しています。どれもお気に入りてす。 こちらの都合で再配達になりましたが対応も良く有難かったです。,5
313,Manfinity Homme 男性 縞模様プリント ポロシャツ,shein,夏にぴったりでした。,5
314,Manfinity Homme 男性 縞模様プリント ポロシャツ,shein,甚兵衛のような生地で夏には涼しくてちょうどいい,4
315,Manfinity Homme 男性 縞模様プリント ポロシャツ,shein,袋の中でくちゃくちゃになっていて、シワだらけ、そのまま着れず、クリーニングに出しました。もう少し商品を丁寧に扱ってほしいと思う。,1
316,Homme 男性 無地柄 ボタンアップ Tシャツなし シャツ,shein,夫の誕生日プレゼントに買ってみました！生地はすごく涼し気でサラサラしてて、これからの季節に重宝しそう！袖部分写真では折れてる？と思ってたけど、全く折れてなかった。変にペラペラするの嫌だから縫い付けて固定しようと思ってたけど、折れてないならこっちの方が断然いい！買って良かった~！雰囲気も大人っぽく着こなせて良い感じ。身長体重以外てきとーですー。,5
317,Homme 男性 無地柄 ボタンアップ Tシャツなし シャツ,shein,生地は伸縮性がありしっかりした作りで大満足です。色違いも買います！,5
318,Homme 男性 無地柄 ボタンアップ Tシャツなし シャツ,shein,さらっとしていい生地でした！旦那も喜んでる！普段MなのでSでぴったり。サイズ適当です。,5
319,Homme 男性 無地柄 ボタンアップ Tシャツなし シャツ,shein,肌触りがよく見た目通りでいい感じ,5
320,Homme 男性 無地柄 ボタンアップ Tシャツなし シャツ,shein,商品の品質は肌さわりがいいです。すべすべしている。想像通りです。異臭はしませんが、特段いい匂いもしません。,5
321,Homme 男性 無地柄 ボタンアップ Tシャツなし シャツ,shein,コスパ最強！期待どおりの商品でした！サイズも丁度よかったです。,5
322,Homme 男性 無地柄 ボタンアップ Tシャツなし シャツ,shein,伸縮性のある生地でめっちゃオシャレ！,5
323,Homme 男性 無地柄 ボタンアップ Tシャツなし シャツ,shein,サラサラしてて涼しげな素材です。,5
324,Homme 男性 無地柄 ボタンアップ Tシャツなし シャツ,shein,生地も縫製もしっかりしてました,5
325,Homme 男性 無地柄 ボタンアップ Tシャツなし シャツ,shein,材質がよく、とても良かったです！！配送も思ったより早かったです。,5
326,Homme 男性 無地柄 ボタンアップ Tシャツなし シャツ,shein,シャツが伸びる！触り心地もいい！,5
327,Homme 男性 無地柄 ボタンアップ Tシャツなし シャツ,shein,製品の品質: 写真通りの色！かわいい！,5
328,Homme 男性 無地柄 ボタンアップ Tシャツなし シャツ,shein,ストレッチが効いていて、グリーンも落ち着いた色味。サイズは日本のLぐらいと表記してありましたが、実際は少しMよりな感じです。,4
329,Homme 男性 無地柄 ボタンアップ Tシャツなし シャツ,shein,着心地も良く薄手で夏に重宝,5
330,Homme 男性 無地柄 ボタンアップ Tシャツなし シャツ,shein,肌さわりもよく、思っていたよりも良い,4
331,Homme 男性 無地柄 ボタンアップ Tシャツなし シャツ,shein,色がイメージとは違うかな 写真では白が混ざったような青ですが 実際は青がもう少し濃いめです,4
332,Homme 男性 無地柄 ボタンアップ Tシャツなし シャツ,shein,ストレッチような？クシュクシュ？の素材なのかな？伸びる生地なので細身で来たらピチッとしました。普通の生地だと思ってましたね。,2
333,Homme 男性 無地柄 ボタンアップ Tシャツなし シャツ,shein,サイズは合ってましたが、ややピッタリめのデザインかと。,3
334,Manfinity Basics 男性 コットン ドロップショルダー 無地柄 シャツ,shein,なんか色が濃くてダサかったのです、あんまり綺麗めじゃないので残念でした,5
335,Manfinity Basics 男性 コットン ドロップショルダー 無地柄 シャツ,shein,生地もしっかりしてて可愛い！！！！！！！,5
336,Manfinity Basics 男性 コットン ドロップショルダー 無地柄 シャツ,shein,ネクタイコーデのためにカラーシャツ買った！パールとタイ合わせる♪,5
337,Manfinity Basics 男性 コットン ドロップショルダー 無地柄 シャツ,shein,薄すぎず分厚くなくとても着やすい生地だと思います。身長、体重以外はてきとうです,5
338,Manfinity Basics 男性 コットン ドロップショルダー 無地柄 シャツ,shein,これは、もー想像通りですね 写真そのまんまです 激かわですね弟も気に入ってくれた,5
339,Manfinity Basics 男性 コットン ドロップショルダー 無地柄 シャツ,shein,色も見たまんまの色で肌の黒い人が着たらすごい似合うとおもいます笑,5
340,Manfinity Basics 男性 コットン ドロップショルダー 無地柄 シャツ,shein,まじで可愛いし、色もたくさんあるから選びやすい！緑がおすすめかも！しっかりした襟でいい！,5
341,Manfinity Basics 男性 コットン ドロップショルダー 無地柄 シャツ,shein,渋い色合いでカラーパンツやジーンズに合わせやすい！カラーバリエーションも豊富でめっちゃいい！,5
342,Manfinity Basics 男性 コットン ドロップショルダー 無地柄 シャツ,shein,ちょっと大きいけど綺麗,5
343,Manfinity Basics 男性 コットン ドロップショルダー 無地柄 シャツ,shein,少し色が思っていたのと違かったでしたが可愛いです！色々な服に合わせることができます！,5
344,Manfinity Basics 男性 コットン ドロップショルダー 無地柄 シャツ,shein,思っていたより色が明るかったけどかわいい！！,5
345,Manfinity Basics 男性 コットン ドロップショルダー 無地柄 シャツ,shein,とても良すぎる〜！！！！！！！！！！！！！！！！,5
346,Manfinity Basics 男性 コットン ドロップショルダー 無地柄 シャツ,shein,めちゃくちゃよかった,5
347,Manfinity Basics 男性 コットン ドロップショルダー 無地柄 シャツ,shein,写真よりちょっと暗めの色だけどすごいいいと思う。サイズもいい感じ！オシャレに着こなせる,5
348,Manfinity Basics 男性 コットン ドロップショルダー 無地柄 シャツ,shein,すばらしいぜこれビビった！安く見えないしいい！,5
349,Manfinity Basics 男性 コットン ドロップショルダー 無地柄 シャツ,shein,結構デザインもかっこよくて、コスパも良い。,5
350,Manfinity Basics 男性 コットン ドロップショルダー 無地柄 シャツ,shein,シワ伸ばせばいい感じです。予備のボタンも付いていました。色味はモデル着用画像の通りです。,5
351,Manfinity Basics 男性 コットン ドロップショルダー 無地柄 シャツ,shein,合わせやすいし色もきれい生地も薄くて涼しい,5
352,Manfinity Basics 男性 コットン ドロップショルダー 無地柄 シャツ,shein,少し薄目の生地ですが夏にぴったりでとても可愛い！ただ、シワになりやすいのでアイロン必須です！,5
353,Manfinity Basics 男性 コットン ドロップショルダー 無地柄 シャツ,shein,意外に色が薄かったけれど、生地はしっかりしてました。,4
354,Manfinity Hypemode 男性 文字パッチ コントラストカラー ドロップショルダー ポロシャツ,shein,とても良かったです！,5
355,Manfinity Hypemode 男性 文字パッチ コントラストカラー ドロップショルダー ポロシャツ,shein,とてもいい素材で着やすいと思います。,5
356,Manfinity Hypemode 男性 文字パッチ コントラストカラー ドロップショルダー ポロシャツ,shein,めっちゃかわいい❤️愛用しますわ😘,5
357,Manfinity Hypemode 男性 文字パッチ コントラストカラー ドロップショルダー ポロシャツ,shein,写真通りです。色も可愛くて大満足してます！思ったより生地としっかりしてる！！,5
358,Manfinity Hypemode 男性 文字パッチ コントラストカラー ドロップショルダー ポロシャツ,shein,女ですがもうちょっとゆったりきたかったのでもう一個大きいの買えばよかったと思いました,5
359,Manfinity Hypemode 男性 文字パッチ コントラストカラー ドロップショルダー ポロシャツ,shein,暑くなっていく時期にピッタリな生地だと思う！,5
360,Manfinity Hypemode 男性 文字パッチ コントラストカラー ドロップショルダー ポロシャツ,shein,ピンク可愛い！生地もしっかりしてて良き,5
361,Manfinity Hypemode 男性 文字パッチ コントラストカラー ドロップショルダー ポロシャツ,shein,かわいい、男でも全然きれる,5
362,Manfinity Hypemode 男性 文字パッチ コントラストカラー ドロップショルダー ポロシャツ,shein,春服にちょうどいい薄さでした,5
363,Manfinity Hypemode 男性 文字パッチ コントラストカラー ドロップショルダー ポロシャツ,shein,夏場にピッタリの生地で最高！,5
364,Manfinity Hypemode 男性 文字パッチ コントラストカラー ドロップショルダー ポロシャツ,shein,街でこれ着て歩いたらシーインで見てなくてもシーインで買ったのかな？って思われそうなその辺の店舗では見かけない素材の生地感と色味。色は写真通りで可愛かったけど私はこれは外では着れないとなぜか思いました。,3
365,Manfinity Hypemode 男性 文字パッチ コントラストカラー ドロップショルダー ポロシャツ,shein,思ったよりもピンクで少し印象と違った,3
366,ROMWE X CROC 男性 花柄プリント Tシャツ,shein,いい感じです！かわいい！,5
367,ROMWE X CROC 男性 花柄プリント Tシャツ,shein,シンプルにデザインがかわいい白だから汚れとか気をつけたいです,5
368,ROMWE X CROC 男性 花柄プリント Tシャツ,shein,生地は薄いけど柄がちょーかわいい身長体重以外適当,5
369,ROMWE X CROC 男性 花柄プリント Tシャツ,shein,柄が可愛い！夏にピッタリです！丈感はもう少し長かったらもっとストリート系の服似合うかなーって思いました,5
370,ROMWE X CROC 男性 花柄プリント Tシャツ,shein,デザインめっちゃ可愛くて良かったけど意外と生地薄目だしちょっと透けるかな？って感じ,5
371,ROMWE X CROC 男性 花柄プリント Tシャツ,shein,白なので黒の下着を着たら透けちゃうかもしれません。プリントもめちゃくちゃ可愛いです！,4
372,ROMWE X CROC 男性 花柄プリント Tシャツ,shein,絵柄の部分はツルツルしてました！とても可愛い！,5
373,ROMWE X CROC 男性 花柄プリント Tシャツ,shein,画像通りで生地もいい！ やや透けるけど、伸縮性があって動きやすい！,5
374,ROMWE X CROC 男性 花柄プリント Tシャツ,shein,めっちゃかわいい！写真通り！！,5
375,ROMWE X CROC 男性 花柄プリント Tシャツ,shein,結構プリントのところがやすっぽい？かも、、💦でも可愛いから着てる（笑）,4
376,ROMWE X CROC 男性 花柄プリント Tシャツ,shein,めっちゃ薄いけど気にしなきゃ全然着れる、プリント取れる感じもしない、結構デカめ、オーバーサイズで着たい人にオススメ,4
377,ROMWE X CROC 男性 花柄プリント Tシャツ,shein,薄いかもしれないけどかわいいー！修学旅行のときに着るつもり！！,5
378,ROMWE X CROC 男性 花柄プリント Tシャツ,shein,お花の色味と顔に惹かれて即購入しました！,5
379,ROMWE X CROC 男性 花柄プリント Tシャツ,shein,メチャクチャ可愛い。けどメチャクチャ生地がペラペラやから気をつけて！あとメンズやからデブ女でも結構ゆとりある。,4
380,ROMWE X CROC 男性 花柄プリント Tシャツ,shein,とてもかわいい！！！恋に落ちているうう,5
381,ROMWE X CROC 男性 花柄プリント Tシャツ,shein,プリントが可愛すぎる！また買いたいと思います,5
382,ROMWE X CROC 男性 花柄プリント Tシャツ,shein,生地は思ってたよりやわらかいTシャツ,5
383,ROMWE X CROC 男性 花柄プリント Tシャツ,shein,写真通りかわいい！！！オーバーで頼んで正解だった！,5
384,ROMWE X CROC 男性 花柄プリント Tシャツ,shein,好きな素材！柔らかくてまあテロテロだけど骨ストでも細く見える素材！プリントも可愛い,5
385,ROMWE X CROC 男性 花柄プリント Tシャツ,shein,薄すぎず着心地も悪くないです,4
386,メンズ刺繍柄Tシャツ,shein,めっちゃ使えそうか！！！確定でいっぱいきるな！,5
387,メンズ刺繍柄Tシャツ,shein,刺繍でとてもこの値段と思えません！生地もペラペラでなく長く使えそうです！,5
388,メンズ刺繍柄Tシャツ,shein,大きさもいい感じ、なにより刺繍だから安く見えない‼︎,5
389,メンズ刺繍柄Tシャツ,shein,SHEINにしては生地が他のものより丈夫そうで、オーバーサイズで可愛かった,5
390,メンズ刺繍柄Tシャツ,shein,これ！！めっちゃいいです！！かわいいし生地すごくしっかりしてるし、SHEINだとは思えないくらい高クオリティです！悩んでたら絶対買ってください！ わたしはMでも十分オーバーに着れました！,5
391,メンズ刺繍柄Tシャツ,shein,サイズ感めっちゃいいし、質もいい！100点です！！,5
392,メンズ刺繍柄Tシャツ,shein,こればちかわ！彼氏にめっちゃ褒められた！！ワンピースにもできるかわいさ！！,5
393,メンズ刺繍柄Tシャツ,shein,生地がしっかりしてて良いです！カワイイ！！大きめサイズだと思うのでそのあたり考えた方が良さそうですね！,5
394,メンズ刺繍柄Tシャツ,shein,生地も薄くなくてワンポイントの刺繍がとにかく可愛い！！,5
395,メンズ刺繍柄Tシャツ,shein,カップルで着れる！,5
396,メンズ刺繍柄Tシャツ,shein,思った以上めちゃくちゃ良い！刺繍が大きめでカッコいい。質感画像通り。オーバーサイズです。,5
397,メンズ刺繍柄Tシャツ,shein,生地もしっかりしてて、刺繍なのがかわいい！,5
398,メンズ刺繍柄Tシャツ,shein,コンビニ行くときとか部屋着にいいかわいい！,5
399,メンズ刺繍柄Tシャツ,shein,可愛い色ですよ！写真通りで大満足です！,5
400,メンズ刺繍柄Tシャツ,shein,1番気に入ってます。この夏活躍しそうです,5
401,メンズ刺繍柄Tシャツ,shein,写真通りでめちゃくちゃいい色だしもー完璧,5
402,メンズ刺繍柄Tシャツ,shein,本当に可愛かった！文句なし！,5
403,メンズ刺繍柄Tシャツ,shein,とてもかわいくてきやすかった,5
404,メンズ刺繍柄Tシャツ,shein,気持ち大きめでダボっと着れる感じ👍 ワンポイントの刺繍が可愛い,5
405,メンズ刺繍柄Tシャツ,shein,生地がまっじでいい！これは他の色も欲しくなっちゃう,5
406,男性 カラフルストライブ ドロップショルダーTシャツ,shein,写真通りのものが来ました！自分の身長で写真のように着るならXLがちょうどよかったです！,5
407,男性 カラフルストライブ ドロップショルダーTシャツ,shein,色味も生地の薄さもちょうどいい！,5
408,男性 カラフルストライブ ドロップショルダーTシャツ,shein,ダボって着れて普通にかわいい,5
409,男性 カラフルストライブ ドロップショルダーTシャツ,shein,メンズライクで着たくて買いましたまじで可愛いよオヌヌメ,5
410,男性 カラフルストライブ ドロップショルダーTシャツ,shein,安くておしゃれで可愛いTシャツです！生地はペラペラではなかったです！2枚目の写真わかるかな？うっすら透けるかもだけど大丈夫と思います！マイサイズほぼあってます！XLでオーバーサイズで着てます！,5
411,男性 カラフルストライブ ドロップショルダーTシャツ,shein,良いサイズ感でした！おすすめです！,5
412,男性 カラフルストライブ ドロップショルダーTシャツ,shein,完璧です！よかったです！,5
413,男性 カラフルストライブ ドロップショルダーTシャツ,shein,生地は薄かったけど、夏に最適で良かったです！,5
414,男性 カラフルストライブ ドロップショルダーTシャツ,shein,オーバーサイズで可愛くきれそう。,5
415,男性 カラフルストライブ ドロップショルダーTシャツ,shein,結構丈長めですが、いい感じ！,5
416,男性 カラフルストライブ ドロップショルダーTシャツ,shein,XLですが結構大きいです。でもストリート系には良い感じになりそう。,5
417,男性 カラフルストライブ ドロップショルダーTシャツ,shein,サイズも丁度良かった！ マルチカラー 良き！,5
418,男性 カラフルストライブ ドロップショルダーTシャツ,shein,色は写真通りで、生地も高級感あり柔らかくてとってもいいです！,5
419,男性 カラフルストライブ ドロップショルダーTシャツ,shein,可愛い！なんか高く感じる値段笑素材も悪いことなしサイズ感もとても良し、,5
420,男性 カラフルストライブ ドロップショルダーTシャツ,shein,ボーダー可愛い！！！！！！！！！！！！！,5
421,男性 カラフルストライブ ドロップショルダーTシャツ,shein,色がとても良くて生地が良い！,5
422,男性 カラフルストライブ ドロップショルダーTシャツ,shein,生地がしっかりしていてかわいい。,5
423,男性 カラフルストライブ ドロップショルダーTシャツ,shein,これを着ればは写真のモデルの方のようにイケイケになれます,5
424,男性 カラフルストライブ ドロップショルダーTシャツ,shein,デザイン最高。肌触りも良い,5
425,男性 カラフルストライブ ドロップショルダーTシャツ,shein,ダボッと着れてかっこいいし生地もいいです！,5
426,DAZY 男性 ストライプ ドロップショルダーTシャツ,shein,青と緑が混ざったような感じ！合わせやすくてかわいい！,5
427,DAZY 男性 ストライプ ドロップショルダーTシャツ,shein,生地薄めで、ポリエステルとかそういう感じの生地。,5
428,DAZY 男性 ストライプ ドロップショルダーTシャツ,shein,生地も軽くてしっとりしてて涼しそうだけど、何にせよ合わせにくい,4
429,DAZY 男性 ストライプ ドロップショルダーTシャツ,shein,ちょっと薄い生地安いから許す,3
430,DAZY 男性 ストライプ ドロップショルダーTシャツ,shein,服屋で売ってそうな素材です！！！なんか、いいかんじ。,4
431,DAZY 男性 ストライプ ドロップショルダーTシャツ,shein,非常に良かったです！,5
432,DAZY 男性 ストライプ ドロップショルダーTシャツ,shein,とても可愛い！おすすめ！洗濯しても着崩れしないです。,5
433,DAZY 男性 ストライプ ドロップショルダーTシャツ,shein,最高でした！最高でした！,5
434,DAZY 男性 ストライプ ドロップショルダーTシャツ,shein,ストリート系の格好の時に必要！かわいい。生地は薄めだが、夏も着れそうなのでOK,5
435,DAZY 男性 ストライプ ドロップショルダーTシャツ,shein,色味が思ってたより明るめだったけど…イー感じ‼️,5
436,DAZY 男性 ストライプ ドロップショルダーTシャツ,shein,かわいい！夫に購入。さっそく着てもらいます,5
437,DAZY 男性 ストライプ ドロップショルダーTシャツ,shein,想像通り良かったですよ。,5
438,DAZY 男性 ストライプ ドロップショルダーTシャツ,shein,予想より少し鮮やかやった！,4
439,メンズドロップショルダーレターとファイヤーTシャツ,shein,めちゃめちゃ可愛いです💞💞しっかりとた生地だった〰️サイズはもうひとつ上でも良かったかも,5
440,メンズドロップショルダーレターとファイヤーTシャツ,shein,めっちゃ可愛くて死んだ迷ったら買った方がいい,5
441,メンズドロップショルダーレターとファイヤーTシャツ,shein,まじでかわいいし生地も良かったから買ったほうがい！,5
442,メンズドロップショルダーレターとファイヤーTシャツ,shein,サイズもピッタリでデザインも可愛くて気に入りました！,5
443,メンズドロップショルダーレターとファイヤーTシャツ,shein,ちょーよかった！！！！！愛用です！！！！！！！！,5
444,メンズドロップショルダーレターとファイヤーTシャツ,shein,生地もプリントもしっかりしてる！お気に入り！,5
445,メンズドロップショルダーレターとファイヤーTシャツ,shein,ストリート系にピッタリ！,5
446,メンズドロップショルダーレターとファイヤーTシャツ,shein,めちゃくちゃいいから買った方がいいけど買うな。かぶるのが嫌なぐらいいい。,5
447,メンズドロップショルダーレターとファイヤーTシャツ,shein,これはガチでおすすめ、XLは身長１７０ｃｍ体重６０ｋｇで袖が肘まで隠れる。,5
448,メンズドロップショルダーレターとファイヤーTシャツ,shein,デザインが胸のところだけっていうのがまたいい！！,5
449,メンズドロップショルダーレターとファイヤーTシャツ,shein,めっちゃ可愛いこれオーバーで着てるよ！！！！！！！,5
450,メンズドロップショルダーレターとファイヤーTシャツ,shein,サイズはピッタリだったし、生地もしっかりしてて、この値段は安すぎる。,5
451,メンズドロップショルダーレターとファイヤーTシャツ,shein,まじでかわいい！生地はちょっと薄いかもだけどデザイン大優勝！！迷ってる人はみんな買って！,5
452,メンズドロップショルダーレターとファイヤーTシャツ,shein,SHEINで買った他のTシャツよりも生地がしっかりしてて良いです。デザインもかわいい。,5
453,メンズドロップショルダーレターとファイヤーTシャツ,shein,かわいいサブカル系好きな人おすすめ,5
454,メンズドロップショルダーレターとファイヤーTシャツ,shein,大きさもちょーど良くて大満足生地もしっかりしてる‼️丈はおしりがすっぽり隠れるくらいだからオーバーに着たい子はちょうどいい！！！！,5
455,メンズドロップショルダーレターとファイヤーTシャツ,shein,デザインもいいし〜質感もしっかりしててよかった〜サイズはちょうどよかった〜,5
456,メンズドロップショルダーレターとファイヤーTシャツ,shein,これはめちゃくちゃ買って正解！！！身長これでダボッと感とか全部完璧,5
457,メンズドロップショルダーレターとファイヤーTシャツ,shein,生地もしっかりしてて夏はこれで乗り切れます！！,5
458,メンズドロップショルダーレターとファイヤーTシャツ,shein,最高にかっこいい。生地もしっかりしてるしプリントも安っぽさがない！色違いも買った,5
459,男性 ドロップショルダー カーブヘム ソリッド シャツ,shein,大きさも、質も期待通りで納得,5
460,男性 ドロップショルダー カーブヘム ソリッド シャツ,shein,このようなシャツを探してたので、ちょうどよかったです！生地は少しペラペラですが、これから温かくなってきたら、ヘビーに使えそうです。,5
461,男性 ドロップショルダー カーブヘム ソリッド シャツ,shein,シティボーイっぽいのをイメージしてるなら結構このシャツはいい,5
462,男性 ドロップショルダー カーブヘム ソリッド シャツ,shein,少し大きめに着たかったのでいいサイズでした。,5
463,男性 ドロップショルダー カーブヘム ソリッド シャツ,shein,生地が薄くなく、シワにもなりにくい,5
464,男性 ドロップショルダー カーブヘム ソリッド シャツ,shein,ちょい大きいくらい。でも、腕まくれば大丈夫！これは買うべき,5
465,男性 ドロップショルダー カーブヘム ソリッド シャツ,shein,気持ちダボっと着たかったので少し大きめにしました。生地はしっかりしているし羽織って着てもいいと思う。,5
466,男性 ドロップショルダー カーブヘム ソリッド シャツ,shein,かなり薄いです！夏にぴったり！半袖の上から羽織るのがおすすめです！,5
467,男性 ドロップショルダー カーブヘム ソリッド シャツ,shein,色味は写真通り。生地も薄すぎず安っぽく見えない。,5
468,男性 ドロップショルダー カーブヘム ソリッド シャツ,shein,すごく質のいいものだと思うし大きさもちょうど良かった,5
469,男性 ドロップショルダー カーブヘム ソリッド シャツ,shein,鮮やかなブルーで夏向きです。小柄な旦那には少し大きめでしたが、許容範囲かな。,5
470,男性 ドロップショルダー カーブヘム ソリッド シャツ,shein,サイズちょうど良かった 身幅が大きいの探してたから,5
471,男性 ドロップショルダー カーブヘム ソリッド シャツ,shein,ちょっとCITYboy感のあるシャツ！ 満足のいくサイズ、生地、色合100点です！,5
472,男性 ドロップショルダー カーブヘム ソリッド シャツ,shein,パリッとした生地。シワになりにくいと思う。夏は暑いかも。,5
473,男性 ドロップショルダー カーブヘム ソリッド シャツ,shein,とてもかわいいです！！合わせやすい！,5
474,男性 ドロップショルダー カーブヘム ソリッド シャツ,shein,肌触りも良く春に合いそう。写真通りの服が届きました。,5
475,男性 ドロップショルダー カーブヘム ソリッド シャツ,shein,こんなスタイルできたらマジカッコ良いと思って買った。,5
476,男性 ドロップショルダー カーブヘム ソリッド シャツ,shein,オーバーサイズで良さそうです。,5
477,男性 ドロップショルダー カーブヘム ソリッド シャツ,shein,シルエットがいいしオーバーに着るのがいい,5
478,男性 ドロップショルダー カーブヘム ソリッド シャツ,shein,誰でもかっこよく着こなせると思います,5
479,男性 無地柄 ドロップショルダーTシャツ,shein,とても生地が厚くてしっかりしてて良い！,5
480,男性 無地柄 ドロップショルダーTシャツ,shein,今はやりのオーバーサイズっぽい感じで良かったです。,5
481,男性 無地柄 ドロップショルダーTシャツ,shein,しっかり目の生地で非常に良い！,5
482,男性 無地柄 ドロップショルダーTシャツ,shein,ストリート系じゃなくても肩幅しっかりある人なら絶対似合います。生地は重くてしっかりです！,5
483,男性 無地柄 ドロップショルダーTシャツ,shein,写真通りの色です！グレーというよりベージュって感じです！可愛くて生地もしっかりしてて大満足です！,5
484,男性 無地柄 ドロップショルダーTシャツ,shein,しっかりした生地で肌触りもgood,5
485,男性 無地柄 ドロップショルダーTシャツ,shein,これはイイ！生地も厚くていい感じです,5
486,男性 無地柄 ドロップショルダーTシャツ,shein,ダボっと着たいらしいので 大きいサイズを買いました,5
487,男性 無地柄 ドロップショルダーTシャツ,shein,ダボッと着れていい感じ！生地もしっかりしていた。,5
488,男性 無地柄 ドロップショルダーTシャツ,shein,ゆったり着るのにちょうどいいサイズでした。,5
489,男性 無地柄 ドロップショルダーTシャツ,shein,夏の部屋着。生地もしっかりしてていい感じ。,5
490,男性 無地柄 ドロップショルダーTシャツ,shein,サイズもちょうど良くこれからのシーズン活躍しそうです,5
491,男性 無地柄 ドロップショルダーTシャツ,shein,大優勝すぎた 何にでも合わせやすいし生地もしっかりしててかわいい早くこれ着たい,5
492,男性 無地柄 ドロップショルダーTシャツ,shein,少し厚めの布地でしっかりしていました。真夏には向いていなさそうですが、写真のままの商品で満足です。,5
493,男性 無地柄 ドロップショルダーTシャツ,shein,生地も悪くなく、とてもいい感じでたくさん着ても大丈夫！！色は思っていたより黒ではなくて少しグレーがかったような色だった。,5
494,男性 無地柄 ドロップショルダーTシャツ,shein,ちょっと大きめできやすかった！,5
495,男性 無地柄 ドロップショルダーTシャツ,shein,思っていた通りのカラーのTシャツで満足してます！,5
496,男性 無地柄 ドロップショルダーTシャツ,shein,とにかく可愛い、暑い夏にも最適,5
497,男性 無地柄 ドロップショルダーTシャツ,shein,ちょっと厚め、でもダボって着れるからよきよき,5
498,男性 無地柄 ドロップショルダーTシャツ,shein,とてもいいです！いろんなズボンでも着回ししやすいと思います,5
499,男性 格子縞プリント Tシャツなし シャツ,Manfinity Homme,結構素材はしっかりめ！ 可愛い！,5
500,男性 格子縞プリント Tシャツなし シャツ,Manfinity Homme,品質も素材も最高です！とても快適でサイズもぴったりです。お勧めします,5
501,男性 格子縞プリント Tシャツなし シャツ,Manfinity Homme,大丈夫、かわいい、大好き、シェインが大好きです。安くて価値がある,5
502,男性 格子縞プリント Tシャツなし シャツ,Manfinity Homme,完璧なデザインと質感は何にでも合います,5
503,男性 格子縞プリント Tシャツなし シャツ,Manfinity Homme,夫はその柔らかな感触が気に入っており、外側はフランネルです。普段のLサイズより少し小さめです。曲げると肩や背中が窮屈に感じます。,5
504,男性 格子縞プリント Tシャツなし シャツ,Manfinity Homme,生地はとてもいいです。変デザインも美しい。,5
505,男性 格子縞プリント Tシャツなし シャツ,Manfinity Homme,お父さん用に買いました！ちょっと生地が分厚くてまだ今の気候じゃ暑いかなって感じです。,5
506,男性 格子縞プリント Tシャツなし シャツ,Manfinity Homme,とても素敵です 🥰🥰🥰 素敵な商品、品質も良いです...とても満足しています,5
507,男性 格子縞プリント Tシャツなし シャツ,Manfinity Homme,とても満足しています。娘も夫もとても気に入っています。サイズもぴったりでとても満足です。また注文させていただきます,5
508,男性 格子縞プリント Tシャツなし シャツ,Manfinity Homme,非常に美しい。素敵な生地暑くない。,5
509,男性 格子縞プリント Tシャツなし シャツ,Manfinity Homme,素材の品質が気に入っています。安っぽくはなく、私の肌の色をとてもよく引き立てます。,5
510,男性 格子縞プリント Tシャツなし シャツ,Manfinity Homme,このシャツは本当に素敵でクールです!色と生地が大好きです。,5
511,男性 格子縞プリント Tシャツなし シャツ,Manfinity Homme,サイズもちょうど良く、素材もしっかりしています,5
512,男性 格子縞プリント Tシャツなし シャツ,Manfinity Homme,生地もとても綺麗です🥺 履き心地もとても良いです。間違いなくまた購入します,5
513,男性 格子縞プリント Tシャツなし シャツ,Manfinity Homme,良品質。間違いなく値段の価値があります。,5
514,男性 格子縞プリント Tシャツなし シャツ,Manfinity Homme,体にフィットする良い素材がよさそうだね,5
515,男性 格子縞プリント Tシャツなし シャツ,Manfinity Homme,購入に満足しています。サイズもぴったりで、品質も良いです。この製品をお勧めします。,5
516,男性 格子縞プリント Tシャツなし シャツ,Manfinity Homme,素敵ですが、キータンのような素材はとても柔らかいです,5
517,男性 格子縞プリント Tシャツなし シャツ,Manfinity Homme,すべて良いです、素敵でファッショナブルです,5
518,男性 格子縞プリント Tシャツなし シャツ,Manfinity Homme,滑らかなコットン素材のシャツです。触るとまるで枕のようです。着ていると暖かく感じます。,5
519,男性 オートバイ＆スローガングラフィック Tシャツ,Manfinity Chillmode,プリントだけどかわいい。値段の割に満足です。,5
520,男性 オートバイ＆スローガングラフィック Tシャツ,Manfinity Chillmode,プリントはこんな感じです！ストリート系でめっちゃ可愛いです！,5
521,男性 オートバイ＆スローガングラフィック Tシャツ,Manfinity Chillmode,サイズは155cm女Lでオーバーサイズできれました！！ストリート系で着たい人はワンサイズ大きめをオススメします！！！！プリントがめっちゃ可愛いけどなんか取れちゃいそうです、、、,5
522,男性 オートバイ＆スローガングラフィック Tシャツ,Manfinity Chillmode,ふつうに古着屋さんにありそう！可愛い,5
523,男性 オートバイ＆スローガングラフィック Tシャツ,Manfinity Chillmode,古着ぽくて可愛いナ,5
524,男性 オートバイ＆スローガングラフィック Tシャツ,Manfinity Chillmode,生地いい感じー！ピッタリだからワンサイズ大きめおすすめ,5
525,男性 オートバイ＆スローガングラフィック Tシャツ,Manfinity Chillmode,これは満足 黒だから透ける心配もないし、プリント大きめでかわいい,5
526,男性 オートバイ＆スローガングラフィック Tシャツ,Manfinity Chillmode,大きめで買ったのですが想像通りだったので良かったです。ただプリント感はかなりあるので気にしない方にオススメです。,3
527,男性 オートバイ＆スローガングラフィック Tシャツ,Manfinity Chillmode,とても満足です、ただプリント感が強いです。,3
528,男性 オートバイ＆スローガングラフィック Tシャツ,Manfinity Chillmode,重ね着にちょうどいい大きさだと思う！かわいい！,5
529,男性 オートバイ＆スローガングラフィック Tシャツ,Manfinity Chillmode,古着ってぽくてかわいい！,5
530,男性 オートバイ＆スローガングラフィック Tシャツ,Manfinity Chillmode,サイズもピッタリだった、生地はまぁまぁ薄かった,5
531,男性 オートバイ＆スローガングラフィック Tシャツ,Manfinity Chillmode,めっちゃ可愛くてお気に入りです！少し大きめに着たいと思い買いましたが、とっても予想してたサイズのままで嬉しいです。,5
532,男性 オートバイ＆スローガングラフィック Tシャツ,Manfinity Chillmode,流行りのバンドTシャツみたいでめっちゃいいです。,5
533,男性 オートバイ＆スローガングラフィック Tシャツ,Manfinity Chillmode,生地薄めだけど夏だからいいや、プリントはテカテカ,4
534,男性 オートバイ＆スローガングラフィック Tシャツ,Manfinity Chillmode,思ったほどペラペラじゃないし軽く着るくらいならちょーどいー,5
535,男性 オートバイ＆スローガングラフィック Tシャツ,Manfinity Chillmode,女だけどダボっと着たくてメンズ服購入！ サラッとしてて夏にぴったり。でも生地は薄いから1シーズンで買い替え必要やと思う。 安いから良し！！,5
536,男性 オートバイ＆スローガングラフィック Tシャツ,Manfinity Chillmode,ゆったり着たくて買いました！,5
537,男性 オートバイ＆スローガングラフィック Tシャツ,Manfinity Chillmode,ストリートならこれ買うべき,5
538,男性 オートバイ＆スローガングラフィック Tシャツ,Manfinity Chillmode,かわいいです！デザインも形もよかったです！,5
539,男性 スローガングラフィック ドロップショルダーTシャツ,Manfinity Chillmode,普通に良かった。薄すぎる事もなく厚すぎる事もない生地です。,5
540,男性 スローガングラフィック ドロップショルダーTシャツ,Manfinity Chillmode,生地もしっかりしていて丈夫でした✨,5
541,男性 スローガングラフィック ドロップショルダーTシャツ,Manfinity Chillmode,どっちかといえばペラペラ。中の下ぐらいのペラさ。ルームウェアだからいいけど。,5
542,男性 スローガングラフィック ドロップショルダーTシャツ,Manfinity Chillmode,ロゴもオシャレでいい感じです,5
543,男性 スローガングラフィック ドロップショルダーTシャツ,Manfinity Chillmode,とても良い商品でした。たくさん使います。,5
544,男性 スローガングラフィック ドロップショルダーTシャツ,Manfinity Chillmode,比較的、生地もまともでデザインも可愛かったので良き。,5
545,男性 スローガングラフィック ドロップショルダーTシャツ,Manfinity Chillmode,全然悪くない、私が見ているものは本当に好きです,5
546,男性 スローガングラフィック ドロップショルダーTシャツ,Manfinity Chillmode,商品の品質: 生地が薄い,1
547,男性 スローガングラフィック ドロップショルダーTシャツ,Manfinity Chillmode,良くて快適でした,5
548,男性 スローガングラフィック ドロップショルダーTシャツ,Manfinity Chillmode,写真通りでカッコよかったです。,4
549,男性 スローガングラフィック ドロップショルダーTシャツ,Manfinity Chillmode,色が少し薄いけどいい,4
550,男性 スローガングラフィック ドロップショルダーTシャツ,Manfinity Chillmode,サイズ感もよくいい感じです。,5
551,男性 スローガングラフィック ドロップショルダーTシャツ,Manfinity Chillmode,色合いが想像通り。サイズも丁度良い。,5
552,男性 スローガングラフィック ドロップショルダーTシャツ,Manfinity Chillmode,ゆったり着たかったのになんかすごくジャストフィットで残念,4
553,男性 スローガングラフィック ドロップショルダーTシャツ,Manfinity Chillmode,大きくて可愛かった！,5
554,男性 コットン 格子縞プリント Tシャツなし シャツ,Manfinity Homme,かわいいいい！！！生地薄くないよ！大きめに着たいからちょうどいい！,5
555,男性 コットン 格子縞プリント Tシャツなし シャツ,Manfinity Homme,しっかりとした生地感で春や秋などにちょうど良いと思う。,5
556,男性 コットン 格子縞プリント Tシャツなし シャツ,Manfinity Homme,少しだぼっときれるのでいい感じ,5
557,男性 コットン 格子縞プリント Tシャツなし シャツ,Manfinity Homme,程よい大きさで着やすかったです,5
558,男性 コットン 格子縞プリント Tシャツなし シャツ,Manfinity Homme,縦に長くて、肩らへんが窮屈です！,5
559,男性 コットン 格子縞プリント Tシャツなし シャツ,Manfinity Homme,思ったよりブカブカで着れなかったけどまあいいかな,5
560,男性 コットン 格子縞プリント Tシャツなし シャツ,Manfinity Homme,生地はサラサラでどの季節にもキレそうでした！,5
561,男性 コットン 格子縞プリント Tシャツなし シャツ,Manfinity Homme,めっちゃかっこいいチェックシャツ,5
562,男性 コットン 格子縞プリント Tシャツなし シャツ,Manfinity Homme,肩のところが少し小さくて動きにくい！,5
563,男性 コットン 格子縞プリント Tシャツなし シャツ,Manfinity Homme,ボタンの穴がちっちゃいけどちゃんと着れる‼️,5
564,男性 コットン 格子縞プリント Tシャツなし シャツ,Manfinity Homme,薄さがちょうど良く今の季節にピッタリ,5
565,男性 コットン 格子縞プリント Tシャツなし シャツ,Manfinity Homme,デザインもよくサイズもちょうどいいどんなズボンにもあう！,5
566,男性 コットン 格子縞プリント Tシャツなし シャツ,Manfinity Homme,若干肩幅狭い感じですが、気に入っています！,5
567,男性 コットン 格子縞プリント Tシャツなし シャツ,Manfinity Homme,流行りのチェックシャツだが、他のブランド商品と見劣りしないくらいよくできていると感じた。,5
568,男性 コットン 格子縞プリント Tシャツなし シャツ,Manfinity Homme,生地よかった！！分厚すぎず、薄すぎず、値段の割には良き！！ただ、なんか知らんけど糸がいっぱいついてた笑,4
569,男性 コットン 格子縞プリント Tシャツなし シャツ,Manfinity Homme,薄すぎず、厚すぎずちょうど良かった！,5
570,男性 コットン 格子縞プリント Tシャツなし シャツ,Manfinity Homme,少しオーバーサイズ。かわいい。,5
571,男性 コットン 格子縞プリント Tシャツなし シャツ,Manfinity Homme,重ね着用に欲しかった。ちょうどいい生地の厚さ！,5
572,男性 コットン 格子縞プリント Tシャツなし シャツ,Manfinity Homme,生地がめっちゃいい！洗濯しても皺にならないし、しっかりしてるのに、分厚く無い。この生地最高！迷ってるならかったほうがいい！,5
573,男性 コットン 格子縞プリント Tシャツなし シャツ,Manfinity Homme,この値段でこの質感最高！！超おすすめ！サイズもぴったり！スウェットとかパーカーの上に着るなら一個大きめサイズが良い！,5
574,男性 縞模様プリント ドロップショルダー シャツ,DAZY,しっかりとした生地。シワになりにくそうな生地です。,5
575,男性 縞模様プリント ドロップショルダー シャツ,DAZY,襟がめっちゃきれいな形！,5
576,男性 縞模様プリント ドロップショルダー シャツ,DAZY,美しい生地、形をハックして、とても気に入りました,5
577,男性 縞模様プリント ドロップショルダー シャツ,DAZY,いい感じ✨ゆったり着れます(*•̀ᴗ•́*)👍,5
578,男性 縞模様プリント ドロップショルダー シャツ,DAZY,かっこいいですが一度パジャマっぽいと言われると確かにそう見えます笑。ですが腕まくりしてみると割としっかりカッコよく着れました！177センチ細めです、すこしダボっとした感じで着れてめっちゃいいです！,4
579,男性 縞模様プリント ドロップショルダー シャツ,DAZY,だいぶ生地うすめ。うえに何か羽織らないと安っぽく見えるかも,4
580,男性 縞模様プリント ドロップショルダー シャツ,DAZY,素材は良いです。通常のシャツより丈が短いので、タックアウトして着るのがおすすめです。,5
581,男性 縞模様プリント ドロップショルダー シャツ,DAZY,フィット感が良く、ワンサイズアップするとオーバーサイズに見えます,5
582,男性 縞模様プリント ドロップショルダー シャツ,DAZY,超このとても素敵なドレスシャツ最高の品質,5
583,男性 縞模様プリント ドロップショルダー シャツ,DAZY,便利で、新鮮で快適です。,5
584,男性 縞模様プリント ドロップショルダー シャツ,DAZY,生地が良くて爽やかです,5
585,男性 縞模様プリント ドロップショルダー シャツ,DAZY,非常に正しいサイズ..そして素材は素晴らしいです,5
586,男性 縞模様プリント ドロップショルダー シャツ,DAZY,見た目も良く、素材もとても良いです,5
587,男性 縞模様プリント ドロップショルダー シャツ,DAZY,少し糸くずがあり、通気性は劣りますが、全体的に良好です,4
588,男性 無地柄 ポロシャツ,Manfinity Hypemode,生地が厚めなので真夏はちょっと暑そう〜。でも高見えします！写真よりちょいクリーム色っぽい。,5
589,男性 無地柄 ポロシャツ,Manfinity Hypemode,素材感めっちゃいいです。高見え効果,5
590,男性 無地柄 ポロシャツ,Manfinity Hypemode,素材感はめっちゃ良き。高見えする。低身長で足が短く見えてしまうので、着丈短くして身幅を少し広くしてほしかった。でもこの価格なら星５です。,5
591,男性 無地柄 ポロシャツ,Manfinity Hypemode,丈は長めだけど無臭で質感も良かった 真夏に着るにはちょっと暑いかもしれないです！それぐらい生地はしっかりしてる,5
592,男性 無地柄 ポロシャツ,Manfinity Hypemode,高見えします。合わせやすいしオシャレで買って良かった。,5
593,男性 無地柄 ポロシャツ,Manfinity Hypemode,生地がしっかりしているので、暑い夏に着ると少し暑いかもしれないです！でも少し暑いぐらいの日に着ればいい感じに着れると思います！！,5
594,男性 無地柄 ポロシャツ,Manfinity Hypemode,質感が可愛い！サイズも良くて着心地も良かったです！,5
595,男性 無地柄 ポロシャツ,Manfinity Hypemode,素材や質感はとてもいいです！日本サイズ３Lとの記載を見て選びましたが細身のオーバーサイズに作られており、XLよりのXXLサイズくらいでした。,5
596,男性 無地柄 ポロシャツ,Manfinity Hypemode,少し生地あついけどしっかりしてる、いい色。,5
597,男性 無地柄 ポロシャツ,Manfinity Hypemode,サイズはギリちょうどいい感じです。デザインと生地はお気に入りになりました。でも値段は高いかな。それでも普通に満足した感じです。,5
598,男性 無地柄 ポロシャツ,Manfinity Hypemode,思ったより厚みがありましたが、サイズもピッタリで満足です,5
599,男性 無地柄 ポロシャツ,Manfinity Hypemode,着丈が長くて身幅が狭い。素材感は良き。,5
600,男性 無地柄 ポロシャツ,Manfinity Hypemode,素材が少し分厚くて、夏本番は暑いかなーといったかんじです。デザインがとても綺麗なので、高見えする服だなーと思います。,5
601,男性 無地柄 ポロシャツ,Manfinity Hypemode,着丈が長くて身幅が狭い。素材感は良き。,5
602,男性 無地柄 ポロシャツ,Manfinity Hypemode,ボタン部分が斜めっていたり、ラインが写真と合っていなかったです。デザイン、質感はめちゃめちゃ良いです。,3
603,男性 無地柄 ポロシャツ,Manfinity Hypemode,完璧なサイズ良い品質文句はありません私はそれが好きです♥️,5
604,男性 無地柄 ポロシャツ,Manfinity Hypemode,品質が良く、私の期待を上回りました！とっても可愛くてスタイリストも❤️❤️❤️❤️❤️❤️❤️でもちょっと大きいけどオーバーサイズの服が好きなので大丈夫です,5
605,男性 無地柄 ポロシャツ,Manfinity Hypemode,シンプルでスマートな外観。素材は良く快適です。大好きです。,5
606,男性 無地柄 ポロシャツ,Manfinity Hypemode,サイズ通り！生地が厚いので晴れの日には着れませんが、それでも綺麗です,5
607,男性 文字グラフィック ポロシャツ,Manfinity Hypemode,普通にきるサイズより大きめを買う方が良かったかな？ダボって着たかった,5
608,男性 文字グラフィック ポロシャツ,Manfinity Hypemode,これは良い！ 生地も厚めで肌触りもいいです。 エリもしっかりとしているので、 安いものには見えません,5
609,男性 文字グラフィック ポロシャツ,Manfinity Hypemode,ロゴが可愛すぎる襟の部分薄いかもと思ってたけどそんな事ないしっかりしてた,5
610,男性 文字グラフィック ポロシャツ,Manfinity Hypemode,ストリート系になれちゃう,5
611,男性 文字グラフィック ポロシャツ,Manfinity Hypemode,めっちゃペラい！だから夏にいい！,5
612,男性 文字グラフィック ポロシャツ,Manfinity Hypemode,サラサラで生地薄いから夏場大活躍,5
613,男性 文字グラフィック ポロシャツ,Manfinity Hypemode,色がめっちゃいいから、なんでも合わせやすそう！！生地も薄すぎず厚すぎずでちょうどいいよーー とりあえず服ない人これ買っとこ,5
614,男性 文字グラフィック ポロシャツ,Manfinity Hypemode,ダボダボに着れた！夏に着ると暑いかも笑,5
615,男性 文字グラフィック ポロシャツ,Manfinity Hypemode,いい感じにダボって着れそう!おしり隠れて最高👍,5
616,男性 文字グラフィック ポロシャツ,Manfinity Hypemode,素材が良くて、デザインがとにかく可愛い！,5
617,男性 文字グラフィック ポロシャツ,Manfinity Hypemode,かわいい。ストリート系の格好の時にかわちい、素材感は意外と薄いのでこの時期は一枚だと寒い…アウターと合わせて切る感じ！,5
618,男性 文字グラフィック ポロシャツ,Manfinity Hypemode,ゆったりサイズで着心地バツグン,5
619,男性 文字グラフィック ポロシャツ,Manfinity Hypemode,サラサラしてて個人的にめっちゃ好き,5
620,男性 文字グラフィック ポロシャツ,Manfinity Hypemode,めっちゃかわいいし足細く見えます,5
621,男性 文字グラフィック ポロシャツ,Manfinity Hypemode,サイズもピッタリでデザインも良い！,5
622,男性 文字グラフィック ポロシャツ,Manfinity Hypemode,結構生地が、スポーツ服みたいな感じ、サイズ感はマル,4